{
    "file": "site\/templates\/search.php",
    "textdomain": "site--templates--search-php",
    "translations": {
        "ef74df873493bcbea0e68b49833cc933": {
            "text": "Ne pare r\u0103u, nu au fost g\u0103site rezultate."
        },
        "fea9c2ab17ee33be57019f8c7f16a16a": {
            "text": "Ne pare r\u0103u, nu au fost g\u0103site rezultate."
        },
        "38744ee54a06f2c3fa3fe854e53d425e": {
            "text": "S-a g\u0103sit %d pagin\u0103"
        },
        "57781a46e81b8ad48f477003b2a8982d": {
            "text": "S-a g\u0103sit %d pagini"
        }
    }
}