{
    "file": "site\/modules\/processwire-simplecontactform-master\/lib\/SpamProtection.php",
    "textdomain": "site--modules--processwire-simplecontactform-master--lib--spamprotection-php",
    "translations": {
        "d0763edaa9d9bd2a9516280e9044d885": {
            "text": "maimuta"
        },
        "eac074b0503b45740d49b18eb659bcfc": {
            "text": "veverita"
        },
        "6975a7ef5359a31552f6faf3ee02607a": {
            "text": "girafa"
        },
        "719669a8860852c9845dcfd2b84b254c": {
            "text": "marmota"
        },
        "495bf9840649ee1ec953d99f8e769889": {
            "text": "capsuna"
        },
        "72b302bf297a228a75730123efef7c41": {
            "text": "banana"
        },
        "4652b19e09ced75df510bf5a263a2bfe": {
            "text": "aluna"
        },
        "8bea7325cb48514196063a1f74cf18a4": {
            "text": "coac\u0103ze"
        }
    }
}