{
    "file": "wire\/modules\/AdminTheme\/AdminThemeUikit\/config.php",
    "textdomain": "wire--modules--admintheme--adminthemeuikit--config-php",
    "translations": {
        "1a79a4d60de6718e8e5b326e338ae533": {
            "text": "Example"
        },
        "ed9bcb3b4e6221f67a2543f66109248a": {
            "text": "C\u00e2nd este gol, fi\u0219ierul implicit utilizat."
        },
        "a825c84dec047bf77ef218348c6496ed": {
            "text": "Introduce\u021bi calea \u00een raport cu adresa URL a paginii de pornire."
        },
        "de71102a6c8bba23cf43b10e6dc86adc": {
            "text": "(RECOMANDAT)"
        },
        "38cb04b53f3f1cf755ff1bbd9cc88cd1": {
            "text": "Masthead + navigare"
        },
        "5580ceafc3f05d1b31e318f00e2d187c": {
            "text": "Avatarul utilizatorului"
        },
        "f9a6b1bbc44e674712c33ec4363ca698": {
            "text": "Gravatar (serviciu extern care determin\u0103 avatarul din e-mail)"
        },
        "33821a7c07464e5442de3b0aa1836854": {
            "text": "Selecta\u021bi un c\u00e2mp de imagine, Gravatar sau pictogram\u0103 pe care s\u0103-l afi\u0219a\u021bi pentru avatarul utilizatorului \u00een masthead."
        },
        "52d59ff487072b976a4e83f890f18c4e": {
            "text": "C\u00e2mp imagine: %s"
        },
        "8b5c3dc5e49d1be8ee1648a5bc454559": {
            "text": "Nu exist\u0103 c\u00e2mpuri de imagine prezente pe \u0219ablonul \"utilizator\" \u00een prezent, a\u0219a c\u0103 sunt afi\u0219ate doar pictogramele \u0219i Gravatar."
        },
        "08c95f3605e4e76b340174ba21b8462d": {
            "text": "Pute\u021bi ad\u0103uga c\u00e2mpuri de imagine la \u0219ablonul dvs. de utilizator aici."
        },
        "2ff62c17135d9704b59a98881cffa793": {
            "text": "Pictogram\u0103: %s"
        },
        "bb96132ad3ed6087cc9a11da0539a499": {
            "text": "Formatul etichetei de navigare a utilizatorului"
        },
        "ef36780437bb9746cb9e4a684be3d0ae": {
            "text": "Aceast\u0103 etichet\u0103 apare l\u00e2ng\u0103 imaginea\/pictograma avatarului utilizatorului."
        },
        "33f5c52210024a7906c33c262435d813": {
            "text": "Specifica\u021bi c\u00e2mpurile \u0219i formatul de utilizat pentru eticheta utilizatorului sau gol pentru nicio etichet\u0103 de utilizator."
        },
        "9ac50f55fe0eb306162cdde72aee40db": {
            "text": "Utiliza\u021bi orice c\u00e2mpuri\/propriet\u0103\u021bi din \u0219ablonul dvs. de utilizator, \u00eenconjurate \u00eentre {paranteze}."
        },
        "e4e4bda20c3f3d73a0ab8a162324a5ef": {
            "text": "Utiliza\u021bi {Name} pentru numele cu majuscule, care este setarea implicit\u0103, sau utiliza\u021bi {name} pentru numele minuscule."
        },
        "94badcf29c95c51eb93549c399c1c91d": {
            "text": "Exemple: \u201e{nume}\u201d, \u201e{Nume}\u201d, \u201e{titlu}\u201d, \u201e{prenume} {nume}\u201d, \u201e{company.title}\u201d, etc."
        },
        "990a068cf660ce4eaf87777c43d07057": {
            "text": "Fi\u0219ier imagine logo"
        },
        "03bc7984b022876df391184e362104c2": {
            "text": "Fi\u0219ierul trebuie s\u0103 fie PNG, GIF, JPG sau SVG, pe fundal transparent \u0219i de cel pu\u021bin 100 px \u00een ambele dimensiuni."
        },
        "9bc773c48947ebcedc8c2e0a4cfe8f8f": {
            "text": "Ac\u021biune de clic pe logo"
        },
        "96f31592de4b37ce5ff61db935fbfa81": {
            "text": "Lista paginilor r\u0103d\u0103cin\u0103 de administrator"
        },
        "2fcf0b21fb2e5b0c2ed8774ca91bd3a0": {
            "text": "Deschide\u021bi navigarea offcanvas"
        },
        "fd248b03e2d006b305f4a7896defe9cc": {
            "text": "Aspect + interfa\u021b\u0103"
        },
        "d4d0ee9985bf14169e809b164524b0b0": {
            "text": "Tip de interfata"
        },
        "21924d98c4f369c97991af1760e5fc64": {
            "text": "Tradi\u021bional cu naviga\u021bie masthead"
        },
        "77c0933cca4f9492cb03f4a2d091901e": {
            "text": "Navigare \u00een arborele paginii \u00een bara lateral\u0103"
        },
        "3c8286b98b6dfd2248df2a3d70cb8fc4": {
            "text": "(stanga)"
        },
        "45c75f330de92569cb24cebab40a20fc": {
            "text": "(dreapata)"
        },
        "cdf0447c0bfca1430af1916d3695665e": {
            "text": "Navigare \u00een bara lateral\u0103 (st\u00e2nga) + navigare \u00een arborele paginilor (dreapta)"
        },
        "cd49cb29b2424eb2cfa6526153e12f3f": {
            "text": "*Dispozi\u021biile barei laterale nu sunt compatibile cu modulul SystemNotifications \u0219i pot avea probleme cu alte module."
        },
        "ed81bfff2c494916fd8a4f7f0526e14c": {
            "text": "L\u0103\u021bimea coloanei c\u00e2mpului de intrare"
        },
        "5d6497b7aaafbba82795cd9626c2f508": {
            "text": "Alege\u021bi op\u021biunea B dac\u0103 \u00eent\u00e2mpina\u021bi probleme la atingerea l\u0103\u021bimii de coloane ale c\u00e2mpului de intrare dorite."
        },
        "775d588dfe892290c0bfa5e56590577f": {
            "text": "Clase Uikit uk-width (p\u00e2n\u0103 la 6 coloane)"
        },
        "3ae2bf644696505c219965a72b7cbb70": {
            "text": "L\u0103\u021bimi bazate pe procente (flexibilitate suplimentar\u0103)"
        },
        "029ec5ac76207f4e7627a0e3ffbdb15b": {
            "text": "L\u0103\u021bimea maxim\u0103 a aspectului"
        },
        "c0a71759159badff6c9c45f730402dd6": {
            "text": "Specifica\u021bi l\u0103\u021bimea maxim\u0103 a aspectului (\u00een pixeli) sau 0 pentru niciun maxim."
        },
        "d4b002181224e7985e75a3913eb4ac2d": {
            "text": "Se aplic\u0103 numai pentru aspectul tradi\u021bional."
        },
        "37243206806c555c2dbce190b1f49f37": {
            "text": "Stilul notific\u0103rilor"
        },
        "dff1a43f94a6ab1d04bef81420510e6c": {
            "text": "Nu se aplic\u0103 dac\u0103 este instalat modulul SystemNotifications."
        },
        "afae44a9309db56726837157afdd1a2a": {
            "text": "Grupa\u021bi dup\u0103 tip cu control extindere\/restr\u00e2ngere"
        },
        "9d2e228039bb6eef2e6cbaff5c904b56": {
            "text": "Arat\u0103 \u00eentotdeauna tot"
        },
        "9b6545e4cea9b4ad4979d41bb9170e2b": {
            "text": "Avansat"
        },
        "28fb66ed224d7a166862203d74cacb8b": {
            "text": "Cele mai avansate set\u0103ri sunt disponibile din matricea(array) de set\u0103ri $config->AdminThemeUikit."
        },
        "c03e0af8dbd18d53753b92b02753e865": {
            "text": "\u00cel pute\u021bi g\u0103si \u00een \/wire\/config.php. Copia\u021bi \u00een fi\u0219ierul dvs. \/site\/config.php pentru a-l modifica."
        },
        "6059a6e9b311f4cb4afd60c154f0bef5": {
            "text": "Fi\u0219ierul CSS primar"
        },
        "fd57cabd74aeddd5a95d662e680dd5ef": {
            "text": "Nu v\u0103 recomand\u0103m s\u0103 schimba\u021bi acest lucru dec\u00e2t dac\u0103 sunte\u021bi un dezvoltator de teme de administrator."
        },
        "59a3041f943c85af8edcf623308809e0": {
            "text": "Aten\u021bie: aceasta va suprascrie set\u0103rile personalizate $config->AdminThemeUikit, stilul de baz\u0103 \u0219i stilurile personalizate."
        },
        "683b41edb2bd91ba816cdbe8b67abed4": {
            "text": "Formulare + intrare"
        },
        "21909eb7e7cbb04d9c804458848a7af3": {
            "text": "Aceste set\u0103ri afecteaz\u0103 toate c\u00e2mpurile formularului din administrator."
        },
        "f695996235a3c704a6780cf5515b6fdb": {
            "text": "Oricare dintre aceste set\u0103ri (\u0219i altele) pot fi, de asemenea, specificate individual pentru un anumit c\u00e2mp."
        },
        "0b28aca953c7100643fcacab33dbf502": {
            "text": "Dac\u0103 specifica\u021bi o setare aici, aceasta va \u00eenlocui set\u0103rile individuale ale c\u00e2mpului."
        },
        "15367a85a0239326ebf3b0294edd61ce": {
            "text": "Consulta\u021bi: Configurare > C\u00e2mpuri > [orice c\u00e2mp] > Intrare (fil\u0103) > Set\u0103ri temei de administrare."
        },
        "16b7c3d9f12cdd91bac81d618a62f357": {
            "text": "Exemple de dimensiune de intrare"
        },
        "8863450d1e8ee628cf02531395c1fb14": {
            "text": "Selecta\u021bi exemple de m\u0103rime"
        },
        "cb4144ba5a55530ecbf14a45c4d0349d": {
            "text": "Dimensiunea implicit\u0103 de intrare"
        },
        "190d86032ba8b2f2522f36d983700c72": {
            "text": "Acest lucru afecteaz\u0103 aspectul multor c\u00e2mpuri de text, zone de text \u0219i selectare."
        },
        "3be905d0e0e23fa3e645f3d70e7d28d3": {
            "text": "Nu toate c\u00e2mpurile de intrare accept\u0103 op\u021biunile \"mic\" sau \"mare\"."
        },
        "2660064e68655415da2628c2ae2f7592": {
            "text": "Mic"
        },
        "831dfeb03973957261415d12c1509f11": {
            "text": "Medie (implicit\/recomandat)"
        },
        "3a69b34ce86dacb205936a8094f6c743": {
            "text": "Mare"
        },
        "6dcf297b0d223e7a27081a7c4bd6497f": {
            "text": "Tipuri de intrare care nu ar trebui s\u0103 aib\u0103 margini"
        },
        "141c494a39b11098554fc3d327578895": {
            "text": "Aceast\u0103 setare se aplic\u0103 oric\u0103ror tipuri selectate atunci c\u00e2nd este utilizat la 100% l\u0103\u021bime."
        },
        "dcf96c65e2763ec9e77c895af9d25cbe": {
            "text": "Tipuri de intrare care ar trebui s\u0103 fie compensate cu o marj\u0103 suplimentar\u0103 de sus\/de jos."
        },
        "0d638e3ac46bc8f0cf58d60281ff4ebc": {
            "text": "De exemplu, c\u00e2mpurile din acest set de c\u00e2mpuri folosesc aceast\u0103 op\u021biune."
        },
        "d63e134e027a638f911ac2e099758c3e": {
            "text": "Comportamentul de comutare a etichetei c\u00e2mpului de intrare"
        },
        "be91d7f8b5e6fd1f0c5cdca8d18a04b5": {
            "text": "Elementele c\u00e2mpului de intrare din ProcessWire pot avea o stare deschis\u0103 sau \u00eenchis\u0103."
        },
        "0dcb71ef852b35149ab9c3445b480953": {
            "text": "Aceast\u0103 setare determin\u0103 ce se \u00eent\u00e2mpl\u0103 atunci c\u00e2nd un utilizator face clic pe orice etichet\u0103 de c\u00e2mp de intrare, care apare ca antet deasupra intr\u0103rii."
        },
        "7675e95bb6ab79a2b07bc1d32530e20d": {
            "text": "Op\u021biunea \u201eStandard\u201d face ca un clic pe o etichet\u0103 pe un c\u00e2mp de intrare deschis s\u0103 concentreze elementul de intrare, un comportament standard de formular HTML."
        },
        "08f2a1074dae6032681157b928a93dac": {
            "text": "\u00cen timp ce un clic pe o etichet\u0103 de c\u00e2mp de intrare \u00eenchis\u0103 se va deschide \u0219i apoi se va focaliza c\u00e2mpul de intrare (\u0219i \u00eel \u00eenchide c\u00e2nd se face clic din nou)."
        },
        "b18ca92e72ab16203ccf67e4cfffb1c0": {
            "text": "Op\u021biunea \"Consistent\" face ca eticheta c\u00e2mpului de intrare s\u0103 se comporte \u00eentotdeauna \u00een mod constant ca o comutare deschis\u0103\/\u00eenchis\u0103, indiferent de starea \u00een care se afl\u0103 c\u00e2mpul de intrare."
        },
        "c5fb3c81ba85771e0f107fc5a57efc62": {
            "text": "Indiferent de setarea pe care o alege\u021bi, pictograma de comutare din dreapta sus a fiec\u0103rui c\u00e2mp de intrare comut\u0103 \u00eentotdeauna starea deschis\/\u00eenchis."
        },
        "627a242af272f5913c8af08cff4cadf9": {
            "text": "Compensa\u021bi vertical TOATE tipurile de intrare?"
        },
        "0222ce0d1bbe27a8e1cd12c3c7f4814c": {
            "text": "C\u00e2nd este bifat\u0103, la fiecare c\u00e2mp este ad\u0103ugat\u0103 o marj\u0103 vertical\u0103."
        },
        "1939d9deea3a9b379eca5948b1b3cfc6": {
            "text": "Acest lucru poate oferi o claritate suplimentar\u0103 \u00een unele cazuri, dar consum\u0103 mai mult spa\u021biu vertical."
        },
        "99be59c66e12e86aefeced8b65c1effc": {
            "text": "Tipuri de introducere care ar trebui s\u0103 foloseasc\u0103 stilul \"Card\"."
        },
        "949bcbdc5822582126d426c6f82f4fa4": {
            "text": "Acest c\u00e2mp este un exemplu de stil de card."
        },
        "cf83a7d29c286d14e29a97334e9279a5": {
            "text": "Nu se aplic\u0103 tipurilor selectate pentru a nu avea chenar."
        },
        "6adf97f83acf6453d4a6a4b1070f3754": {
            "text": "Nici unul"
        },
        "b2dd4aca1dc11bb2c4efcbd9ab347789": {
            "text": "Set\u0103rile temei de administrator"
        },
        "838ee308c6474d98feac3ebbff4c08a8": {
            "text": "Aceste set\u0103ri afecteaz\u0103 modul \u00een care apare acest c\u00e2mp atunci c\u00e2nd este utilizat cu tema de administrare Uikit."
        },
        "2a94ec4e40704b025161d175bc18fe53": {
            "text": "Atunci c\u00e2nd alege\u021bi op\u021biunea \u201eAuto\u201d, set\u0103rile vor fi determinate \u00een timpul rul\u0103rii."
        },
        "54e4e4fb8f8494b61dc7407161cff620": {
            "text": "Setarea \u201eMargin\u201d se aplic\u0103 numai c\u00e2mpurilor cu l\u0103\u021bime de 100%."
        },
        "741b3715dff40fc66d023ffe7d2ec932": {
            "text": "Op\u021biunea \u201eAutomat\u201d este implicit recomandat\u0103 pentru toate set\u0103rile."
        },
        "4c7c5ab57475a86d54c99e99e8cbb5e7": {
            "text": "Extra mic"
        },
        "87f8a6ab85c9ced3702b4ea641ad4bb5": {
            "text": "Mediu"
        },
        "5b176800a4fa5f818733bbc47bf50c58": {
            "text": "Dimensiunea de intrare"
        },
        "81508f718ba3c39f2614a6384da3d565": {
            "text": "L\u0103\u021bimea de intrare"
        },
        "db3e3f51c9107e26c9bccf9a188ce2ed": {
            "text": "Completati"
        },
        "98369609669478919c74c916440e9978": {
            "text": "Margine"
        },
        "cb5feb1b7314637725a2e73bdc9f7295": {
            "text": "Culoare"
        },
        "2bd5addcf7653a473e310fc64bcbac60": {
            "text": "Minimiza\u021bi stilul controalelor de formular"
        },
        "0a52730597fb4ffa01fc117d9e71e3a9": {
            "text": "Exepmple"
        },
        "c0bfe90a485c1e5db5e8fd63193fe65f": {
            "text": "Acest c\u00e2mp demonstreaz\u0103 pur \u0219i simplu set\u0103rile pe care le-a\u021bi selectat mai sus."
        },
        "127278ab533d9fcec53fa6c0947df913": {
            "text": "Un alt camp"
        },
        "661262f88b0f998e147baacf8778d340": {
            "text": "Deschide\u021bi c\u00e2mpul \"%s\" de mai sus pentru un exemplu live de l\u0103\u021bime a coloanei."
        },
        "7ce481195c78d64795db8cf62a6df04d": {
            "text": "Contur"
        },
        "eed661e12b91dcdc202ea5682df87a83": {
            "text": "Primar"
        },
        "702f41f09f0670ea93e1bb7121a835eb": {
            "text": "Secundar"
        },
        "d819318a32ee146ed8fec4feb03aab02": {
            "text": "scoate in evidenta"
        },
        "42d6b04b169e71af86e5bff6ca177f11": {
            "text": "Avertizare"
        },
        "5a9e33ceafdb38535a8dcee28ff0cd68": {
            "text": "Pericol"
        }
    }
}