{
    "file": "wire\/modules\/Jquery\/JqueryWireTabs\/JqueryWireTabs.module",
    "textdomain": "wire--modules--jquery--jquerywiretabs--jquerywiretabs-module",
    "translations": {
        "9fdc49adcef1b65060a39f7a096d09e2": {
            "text": "Ofer\u0103 un plugin jQuery pentru a genera file \u00een ProcessWire."
        },
        "d9f813a897729ef85bdc36fe6f9bc91a": {
            "text": "Aminti\u021bi-v\u0103 pozi\u021bia cardurilor \u00eentre cereri?"
        },
        "6e7b34fa59e1bd229b207892956dc41c": {
            "text": "Nu"
        },
        "3f8dfcf012a1f2c00ebbe7cc3fe0f265": {
            "text": "Doar dup\u0103 depunerea formularului"
        },
        "68eec46437c384d8dad18d5464ebc35c": {
            "text": "Tot timpul"
        }
    }
}