{
    "file": "wire\/modules\/Fieldtype\/FieldtypeComments\/CommentList.php",
    "textdomain": "wire--modules--fieldtype--fieldtypecomments--commentlist-php",
    "translations": {
        "6f207f8b5dfe1eebac63467930df5189": {
            "text": "="
        },
        "8413c683b4b27cc3f4dbd4c90329d8ba": {
            "text": "Comentarii"
        },
        "4f7ba099c8cd7a8301cf1a8e81cb5e3c": {
            "text": "%e %b %Y %H %M"
        },
        "8725214cdd9f9af24e914b5da135793d": {
            "text": "="
        },
        "25d8df6e580905091a0d5ef5b9e05bf0": {
            "text": "Raspuns"
        },
        "6194a6554ccb6086b8809d2b3a5dddaf": {
            "text": "Imi place"
        },
        "c7e01d04a86dacfbef51bb8cd79ae5eb": {
            "text": "Nu-mi place"
        },
        "d9287e1f759c64de0904790f2a6e0e44": {
            "text": "1 R\u0103spuns"
        },
        "e7176629340ee4244be7962d5ed68616": {
            "text": "%d Raspuns"
        }
    }
}