{
    "file": "wire\/modules\/Process\/ProcessCommentsManager\/ProcessCommentsManager.module",
    "textdomain": "wire--modules--process--processcommentsmanager--processcommentsmanager-module",
    "translations": {
        "98a0736c51255f757cf109bccfa1d7e2": {
            "text": "Nu sunt instalate c\u00e2mpuri de comentarii"
        },
        "adf240c38c161d42244e9eb21f515ba2": {
            "text": "Alege\u021bi un c\u00e2mp de comentarii"
        },
        "9f97f1e4ae9c77faa2f4d30bb84dd69b": {
            "text": "Nu exist\u0103 c\u00e2mpuri de comentarii specificate \u00een'URL"
        },
        "4f85d037300d5f7efcf7fdc3f973db7f": {
            "text": "C\u00e2mp nerecunoscut"
        },
        "6a65e2235642194467bf83001d23639d": {
            "text": "Raspunde la"
        },
        "301fdff99e595b9e55d94b9b51b24277": {
            "text": "Comentariul a fost \u0219ters #%d"
        },
        "9ee770091bc28969ca49eb8b60826002": {
            "text": "Comentariu actualizat #%d"
        },
        "de95b43bceeb4b998aed4aed5cef1ae7": {
            "text": "modifica"
        },
        "193cfc9be3b995831c6af2fea6650e60": {
            "text": "Pagina"
        },
        "6f9e04c43332fd4945f2c933c8eea611": {
            "text": "Cita"
        },
        "c6e190b284633c48e39e55049da3cce8": {
            "text": "Sit Web"
        },
        "d37c550d781bfb93b0088a2470598bcf": {
            "text": "Stele"
        },
        "b1c94ca2fbc3e78fc30069c8d0f01680": {
            "text": "Toti"
        },
        "aa55eeb3bfe951eb9d56e8a919d80781": {
            "text": "din %d"
        },
        "30f29dc6505d24512de6f3189a5bda62": {
            "text": "Nimic de afisat"
        },
        "6f8063417ab31f38d864c28302f3de2f": {
            "text": "Approbat"
        },
        "2d13df6f8b5e4c5af9f87e0dc39df69d": {
            "text": "In asteptare"
        },
        "43ffce869929998c02ec3de3dd218d03": {
            "text": "%d r\u0103spuns"
        },
        "af617b357692e5cded9ff1dd859080b3": {
            "text": "%d r\u0103spunsuri"
        },
        "15422d54ec0d47000dc86a9820a5237e": {
            "text": "Recomandate"
        },
        "f2a6c498fb90ee345d997f888fce3b18": {
            "text": "Sterge"
        },
        "bafd7322c6e97d25b6299b5d6fe8920b": {
            "text": "Nu"
        },
        "8cc46df5ae23686a6fbb8e132f4aaf26": {
            "text": "R\u0103spunsuri"
        },
        "54370b79c5171298a76fecdc5bb56e8e": {
            "text": "Pagina nu a putut fi g\u0103sit\u0103: %d"
        },
        "13cda2cfc29efb3f6a7b8b9f7c24acd9": {
            "text": "Pagina %d nu are c\u00e2mp: %s"
        },
        "36099fd1f86153fbe98d6d09ad5c64fd": {
            "text": "S-a mutat comentariul #%1$d de pe pagina %2$d \u00een pagina %3$d"
        },
        "1bda80f2be4d3658e0baa43fbe7ae8c1": {
            "text": "vedere"
        },
        "4e97aeeaa8b15ca1180fcd1f3ac478d1": {
            "text": "Cand"
        },
        "6adf97f83acf6453d4a6a4b1070f3754": {
            "text": "Nici unul"
        },
        "30269022e9d8f51beaabb52e5d0de2b7": {
            "text": "Parinte"
        },
        "b3c5b21d2cb47cc950fd4667edaf404c": {
            "text": "Unde"
        },
        "06d9d9227a6c26ee0148439a24dd351f": {
            "text": "R\u0103spunde la %s"
        },
        "8c3560971347019d5f97199e943831f0": {
            "text": "Voturi"
        },
        "aaf9ed605d0193362321ba0def15c9b7": {
            "text": "Notifica"
        },
        "9b4a46700a216e7f86402b5a11722f5f": {
            "text": "ID comentariu"
        },
        "0b5be322b470d22de5cd2ecdf9e9361f": {
            "text": "ID-ul comentariului la care acesta r\u0103spunde."
        },
        "e8108834c7ffb39092e8284f6ebeae5d": {
            "text": "ID-ul paginii pe care se afl\u0103 acest comentariu."
        },
        "824d3f8e2abf1d4d5501516dafa0797c": {
            "text": "Vede\u021bi toate care au valoare"
        },
        "5bcd278346ef0ee9a549bd38478ed1e6": {
            "text": "Edita\u021bi valoarea"
        },
        "436ab3711aae372f3890d1885f4d4d2a": {
            "text": "Afi\u0219a\u021bi numai comentariile de pe pagin\u0103"
        },
        "a690f09cec7c496921a55201d25b9a09": {
            "text": "Raspunde la #"
        },
        "d442d63d91aee0c27fffe480c591f6d8": {
            "text": "Seta\u021bi starea:"
        },
        "1ef29a5a234edee09d7e54a321740181": {
            "text": "Bifeaz\u0103\/debifeaz\u0103 toate"
        },
        "67148361142da466e462aed78d201888": {
            "text": "Nu exist\u0103 articole bifate"
        },
        "a46e2270222c49988714ec7916109fc4": {
            "text": "Ac\u021biuni (articole bifate)"
        },
        "e8eaf777c8e1f5b4e219d2e79cfd755f": {
            "text": "Resetare: Voturi pozitive"
        },
        "cf2dd3571dc6f61216f9f14785d7e227": {
            "text": "Resetare: voturi negative"
        },
        "dec8ba3ab6e0a24199eb5b6c43a9c846": {
            "text": "Data (nou-vechi)"
        },
        "33abd1fd65941eb346da43ae77afbbb0": {
            "text": "Data (vechi-nou)"
        },
        "ff138d55cfc1cb9ad05eff795e830b6c": {
            "text": "Stele (\u00eenalte \u2013 sc\u0103zute)"
        },
        "5a4745441b4ca1eaecd9d27664d7a667": {
            "text": "Stele (sc\u0103zut-\u00eenalt)"
        },
        "63e90287fd383e2e42e4778c0e9d7a71": {
            "text": "Voturi pozitive"
        },
        "b45352aeca3646b5fb15baa385d44224": {
            "text": "Voturi negative"
        },
        "a4c295f303bd3ad4c69344a18dc68420": {
            "text": "Sortare:"
        },
        "eee1a3d85e91b9944c98c7558f706b27": {
            "text": "Ai modific\u0103ri nesalvate!"
        },
        "8413c683b4b27cc3f4dbd4c90329d8ba": {
            "text": "Comentarii"
        },
        "37128d5a4c6200152c60cd46c829d635": {
            "text": "Gestiona\u021bi comentariile de pe site-ul dvs. \u00een afara editorului de pagini."
        },
        "ec53a8c4f07baed5d8825072c89799be": {
            "text": "Statut"
        },
        "4f5d5f295ddc8fd8673e74dd5fbe114a": {
            "text": "Per pagina"
        }
    }
}