{
    "file": "wire\/modules\/AdminTheme\/AdminThemeReno\/debug.inc",
    "textdomain": "wire--modules--admintheme--adminthemereno--debug-inc",
    "translations": {
        "7421d68c70dfc346497573bf4e08acc5": {
            "text": "Instrumente \u00een modul\u00e0 debug"
        },
        "b9a880607682d7ff74c39ef4cdefca90": {
            "text": "Paginile \u00eenc\u0103rcate"
        },
        "dc62e13d18c4cec89567255a0bbd8a67": {
            "text": "Variabile API"
        },
        "71c7ae294b7abd866b3fb295b3b9e4a4": {
            "text": "Sesiune"
        },
        "f929d2763e272dc4669d972bae9708e0": {
            "text": "Module \u00eenc\u0103rcate"
        },
        "554c5efaf6a3411ec0c56132825ce0f1": {
            "text": "%d module \u00eenc\u0103rcate"
        },
        "5e9171024adf23f0e7e7f298f251a935": {
            "text": "%d neincarcate"
        },
        "35ad48797a780091740cbcf14ebc094d": {
            "text": "="
        },
        "62483fbc1d13ed84612061e24f6e72fb": {
            "text": "="
        },
        "92dd35cc61ffc41d02defdcef071856d": {
            "text": "="
        },
        "951102c6edd76f552294869d42635888": {
            "text": "="
        },
        "8f9bfe9d1345237cb3b2b205864da075": {
            "text": "Utilizator"
        },
        "5351e7d8b45acb7070fc165ce3b738c6": {
            "text": "Roluri curente de utilizator"
        },
        "1b272e451c327dcb796367163a2c403b": {
            "text": "Permisiunile curente ale utilizatorului"
        },
        "e386ede4750a227397715b73b7727273": {
            "text": "Permisiunile curente ale utilizatorului pe aceast\u0103 pagin\u0103"
        }
    }
}