{
    "file": "wire\/modules\/Process\/ProcessRole\/ProcessRole.module",
    "textdomain": "wire--modules--process--processrole--processrole-module",
    "translations": {
        "a5cd3ed116608dac017f14c046ea56bf": {
            "text": "Roluri"
        },
        "e5e77ccf470959bc6be60127730908b5": {
            "text": "Gestiona\u021bi rolurile utilizatorilor \u0219i ce permisiuni sunt incluse"
        },
        "d08ccf52b4cdd08e41cfb99ec42e0b29": {
            "text": "Permisiuni"
        },
        "e0c8b59640bc35bac606431203d2d9b0": {
            "text": "Pentru descrieri detaliate ale acestor permisiuni, vizita\u021bi [documenta\u021bia lor](%s)"
        },
        "dc3abfaff3190368a09f01d6589eeeea": {
            "text": "Ad\u0103uga\u021bi child \u00een pagini folosind \u0219ablonul"
        },
        "9c281188158fc34cf5afc9d2820a761c": {
            "text": "Crea\u021bi pagini folosind \u0219ablonul"
        },
        "9bfb6e6af6e6793bfa9387e728187c87": {
            "text": "(necesar)"
        },
        "3cac60e98937c01a72ef6e6cfe66f90f": {
            "text": "Aceast\u0103 permisiune este necesar\u0103 pentru toate rolurile."
        },
        "1def073965e264ae40ae1d9877290fd3": {
            "text": "se aplic\u0103 tuturor \u0219abloanelor editabile"
        },
        "26c77f67debae46ee5b0a12626817076": {
            "text": "%1$s ad\u0103ugat de \u0219ablon %2$s, face\u021bi clic pentru a edita"
        },
        "37ef521112472af77d381e834922a7af": {
            "text": "%1$s revocat din \u0219ablon %2$s,face\u021bi clic pentru a edita"
        },
        "1754bfdd544e98486c2ed46753ca8edd": {
            "text": "Bifarea acestei casete adaug\u0103 permisiunea pentru toate \u0219abloanele editabile, dar aceast\u0103 permisiune a fost deja aplicat\u0103 separat de unul sau mai multe \u0219abloane. Pentru a men\u021bine lucrurile \u00een ordine, v\u0103 suger\u0103m s\u0103 elimina\u021bi permisiunea din acele \u0219abloane \u00eenainte de a o activa pentru toat\u0103 lumea. Sigur dori\u021bi s\u0103-l activa\u021bi acum?"
        },
        "73a0430d4108945b73c1d27c8d048339": {
            "text": "Ce tipuri de pagini poate vizualiza acest rol?"
        },
        "1c572404150327a35e463b4638740073": {
            "text": "Ce tipuri de pagini poate edita acest rol?"
        },
        "b2295468aae810dba114aeafc6affecc": {
            "text": "La ce tipuri de pagini poate ad\u0103uga acest rol adaugare de child de asemenea?"
        },
        "a94285c99473e5cb477bfebd41f5b479": {
            "text": "Ce tipuri de pagini poate crea acest rol?"
        },
        "2121718f2638e1afe762097a7981ea3c": {
            "text": "Dac\u0103 dori\u021bi s\u0103 ad\u0103uga\u021bi {permission} numai la anumite \u0219abloane, bifa\u021bi casetele de mai jos pentru \u0219abloanele la care dori\u021bi s\u0103 o ad\u0103uga\u021bi \u0219i l\u0103sa\u021bi nebifat\u0103 permisiunea {permission}."
        },
        "308b65bff5801587885912db1a2aacdf": {
            "text": "Permisiunea {permission} este bifat\u0103, f\u0103c\u00e2nd-o s\u0103 se aplice tuturor \u0219abloanelor care pot fi editate pentru rol. Pentru a revoca permisiunea {permission} de la anumite \u0219abloane, bifa\u021bi casetele de mai jos. Pentru a ad\u0103uga aceast\u0103 permisiune numai la anumite \u0219abloane, debifa\u021bi mai \u00eent\u00e2i permisiunea {permission}."
        },
        "0cb74f3f98993beb92d1fa5e9dbdeb64": {
            "text": "Re\u021bine\u021bi c\u0103 rolul trebuie s\u0103 aib\u0103 \u0219i permisiunea de editare a paginii pentru orice \u0219abloane verificate mai sus."
        },
        "46e843d341c23fcc923e4057f2011f5e": {
            "text": "Majoritatea permisiunilor care pot fi atribuite de \u0219ablon necesit\u0103, de asemenea, ca utilizatorul s\u0103 aib\u0103 permisiunea de editare a paginii pentru \u0219ablon. Dac\u0103 un \u0219ablon de care ave\u021bi nevoie nu este listat, trebuie s\u0103 activa\u021bi mai \u00eent\u00e2i controlul accesului pentru acesta (consulta\u021bi fila \u201eAcces\u201d c\u00e2nd edita\u021bi un \u0219ablon)."
        },
        "bd6e3218368542ea8b8ec79e212960c3": {
            "text": "Spre deosebire de majoritatea altor permisiuni, permisiunea de editare a paginii pentru un \u0219ablon nu este o condi\u021bie prealabil\u0103 pentru aceast\u0103 permisiune."
        },
        "2c32a8fe6caf47e8f89b0929211639df": {
            "text": "\u0218abloanele cu asterisc (*) sunt configurate pentru ca permisiunile legate de editare s\u0103 mo\u0219teneasc\u0103 \u0219i copiilor \u0219i prin arborele paginii, cu excep\u021bia cazului \u00een care\/p\u00e2n\u0103 c\u00e2nd sunt \u00eenlocuite de o pagin\u0103 care utilizeaz\u0103 un alt \u0219ablon controlat de acces."
        },
        "1900cd4f8e202940060d2129a70df995": {
            "text": "Aceast\u0103 permisiune este, de asemenea, mo\u0219tenit\u0103 de copii \u0219i prin arborele paginii, cu excep\u021bia cazului \u00een care\/p\u00e2n\u0103 c\u00e2nd este \u00eenlocuit\u0103 de o pagin\u0103 care utilizeaz\u0103 un alt \u0219ablon controlat de acces."
        },
        "10928cc0ee4f4ca5cd54b8f7d90fe439": {
            "text": "Not\u0103: rolul de superutilizator are \u00eentotdeauna toate permisiunile, a\u0219a c\u0103 c\u00e2mpul de permisiuni nu este afi\u0219at."
        },
        "e92cdb67062c4b4fa95179b9130677a9": {
            "text": "nume|descriere|"
        },
        "bdeb3e0cbe3d8f44757a86e8da219abc": {
            "text": "Aceast\u0103 permisiune poate fi atribuit\u0103 numai dup\u0103 \u0219ablon."
        },
        "596d1c90537af3c3c588dceedde6bf03": {
            "text": "(obligatoriu deoarece a fost mo\u0219tenit de la rolul de invitat)"
        },
        "484a603504d7ed70ae95310674989236": {
            "text": "Revoca\u021bi de la: %s"
        },
        "862ca20a14a289ffa53aa7b458c0f288": {
            "text": "Face\u021bi clic pentru a deschide\/\u00eenchide set\u0103rile de permisiuni dup\u0103 \u0219ablon"
        },
        "4106d43df925487225450293085f8bad": {
            "text": "Permisiunea \u201e%1$s\u201d pentru \u0219ablonul \u201e%2$s\u201d nu este permis\u0103 (necesit\u0103 permisiunea \u201e%3$s\u201d)"
        },
        "76ea2cfb7138b9f6db1ca5385ffd6bec": {
            "text": "Ad\u0103uga\u021bi la: %s"
        }
    }
}