{
    "file": "wire\/modules\/Process\/ProcessPageSort.module",
    "textdomain": "wire--modules--process--processpagesort-module",
    "translations": {
        "e2111cfa400d8efca8fff0bbc1a8f15b": {
            "text": "Modificarea dvs. nu a fost salvat\u0103 deoarece acest site este \u00een modul demo"
        },
        "0db87eb504b99fcf932f155d5da63a4c": {
            "text": "Acest proces este accesibil numai prin POST"
        },
        "96f477ed9c2b2d81e6fc9c3cd2193529": {
            "text": "Nu ave\u021bi permisiunea de a muta pagini folosind acest p\u0103rinte"
        },
        "1c43008d48eb0ff1df5fc9087a7ccb8c": {
            "text": "Nu ave\u021bi voie s\u0103 comanda\u021bi pagini folosind acest p\u0103rinte"
        },
        "ddc332a75220e5e221857ffb04e8db6e": {
            "text": "Ordinea dvs. de sortare nu a fost salvat\u0103 deoarece aceste pagini sunt sortate automat dup\u0103 %s."
        },
        "4ffa47ba7e31d108826e5575f3a2e113": {
            "text": "Sortare pagin\u0103 \u0219i mutare"
        },
        "584e7df02885888b1b91adca6fa16c20": {
            "text": "Se ocup\u0103 de sortarea \u0219i mutarea paginilor pentru PageList"
        }
    }
}