{
    "file": "wire\/modules\/Process\/ProcessList.module",
    "textdomain": "wire--modules--process--processlist-module",
    "translations": {
        "9040adb9c035d31a6f59c34259371121": {
            "text": "fara descriere disponibila"
        },
        "4ee29ca12c7d126654bd0e5275de6135": {
            "text": "Lista"
        },
        "11edaf952ae49a89083e2f6ed973c774": {
            "text": "Listeaz\u0103 procesele atribuite fiec\u0103rei subpagini a paginii curente"
        },
        "5b4883d0e89e3d445d1cd1ccad668cf1": {
            "text": "Modulul atribuit acestei pagini nu pare a fi instalat."
        }
    }
}