{
    "file": "wire\/modules\/Process\/ProcessPageLister\/ProcessPageListerBookmarks.php",
    "textdomain": "wire--modules--process--processpagelister--processpagelisterbookmarks-php",
    "translations": {
        "1dd63dcbc0f27a97c60433bff0936901": {
            "text": "Edita\u021bi marcajul"
        },
        "149e49fd8162d8224947dfe253a802b5": {
            "text": "Ad\u0103uga\u021bi un nou marcaj"
        },
        "a84bed79c3b725dbbd17b6c4b8337a17": {
            "text": "Crea\u021bi un nou marcaj corespunz\u0103tor filtrelor, coloanelor \u0219i ordinii dvs. actuale."
        },
        "644a574fca8608c6447c23ba5c9fb907": {
            "text": "Ce roluri vor putea vizualiza aceste marcaje? Dac\u0103 nu este selectat niciun rol, atunci toate rolurile cu permisiunea de a utiliza aceast\u0103 list\u0103 vor putea vedea marcajul."
        },
        "bfa974ff994bf6af816d695d88659fda": {
            "text": "\u0218terge\u021bi acest marcaj?"
        },
        "84233339a29fc410e77ac95e377b0318": {
            "text": "Marcaje"
        },
        "bdb19863504282bccbd04237092c8ecb": {
            "text": "Marcaj"
        },
        "0a88328254c6d3104aaf5aa1416e5493": {
            "text": "Acces"
        },
        "97d0cf512abc18c75dc4200fb4102696": {
            "text": "toate"
        },
        "624cb003e73151369680ecae1fe53f47": {
            "text": "Titlu"
        },
        "8ca63fc5a95e5a226137f8dd03ad81f0": {
            "text": "Ce pagini ar trebui s\u0103 arate acest marcaj?"
        },
        "e7b51c4fbf19dfd1df7c4e05d1be6ca0": {
            "text": "Coloane"
        },
        "a68194569adc7b00a73840fceb912c24": {
            "text": "Acces"
        },
        "7cdd12aae1c258859c039c4d544338ef": {
            "text": "Marcajele mele"
        },
        "7f4b49b68a661359eaa86b12fd09cdce": {
            "text": "Marcaje publice"
        },
        "639bae9ac6b3e1a84cebb7b403297b79": {
            "text": "tu"
        },
        "4195dd0db33f6f97904fd72fa4386de9": {
            "text": "V\u0103 rug\u0103m s\u0103 bifa\u021bi caseta pentru a confirma c\u0103 dori\u021bi s\u0103 \u0219terge\u021bi acest marcaj"
        },
        "ea4788705e6873b424c65e91c2846b19": {
            "text": "Anulare"
        },
        "d448b4319171ecbd0c92be8ddbff245b": {
            "text": "Tip de marcaj"
        },
        "47f9082fc380ca62d531096aa1d110f1": {
            "text": "Privat"
        },
        "c8a5544122c29a7c5ad0d117b19851d6": {
            "text": "Permite\u021bi altor utilizatori s\u0103 acceseze aceast\u0103 adres\u0103 URL a marcajului?"
        },
        "c3cb8a8cca3fc5a906f5c4aa252a856a": {
            "text": "Dac\u0103 trimite\u021bi adresa URL a marcajului altcuiva care este deja conectat la administrator, acesta poate vedea marcajul dac\u0103 bifa\u021bi aceast\u0103 caset\u0103."
        },
        "aea2613b569e126e1bf04794045d9214": {
            "text": "Adresa URL a marcajului care poate fi partajat\u0103: Vizualizare"
        },
        "a240fa27925a635b08dc28c9e4f9216d": {
            "text": "Ordin"
        },
        "6756b991b141463aebfaa74809adb83c": {
            "text": "Sterge marcaj"
        },
        "4192fc415b996e703cd7368de70024b2": {
            "text": "Marcajul nu se poate sterge"
        },
        "611554e91bd3fc300cb89db36b831c82": {
            "text": "Descriere"
        },
        "5a8bc98a8e1cbe7e4aa65ef02ca4626e": {
            "text": "Actiune"
        },
        "3964c1856a3770efc8de99fb7d71854f": {
            "text": "Vizualizare"
        },
        "2403884dadada347eaf8537a2dc0e572": {
            "text": "Modificare"
        },
        "2ae0c04d53921492ca01d03f4913b75b": {
            "text": "Sterge"
        },
        "997a44675b11fac14a95280eda5557f5": {
            "text": "Descriere"
        }
    }
}