{
    "file": "wire\/modules\/Process\/ProcessTemplate\/ProcessTemplate.module",
    "textdomain": "wire--modules--process--processtemplate--processtemplate-module",
    "translations": {
        "93cba07454f06a4a960172bbd6e2a435": {
            "text": "Da"
        },
        "729a51874fe901b092899e9e8b31c97a": {
            "text": "Esti sigur?"
        },
        "f3f43e30c8c7d78c6ac0173515e57a00": {
            "text": "Filtre"
        },
        "602717d1b0adbf6ff41366d6371e375d": {
            "text": "Selecta\u021bi un c\u00e2mp \u0219i vor fi afi\u0219ate numai \u0219abloanele care folosesc acel c\u00e2mp."
        },
        "3f8255a0588417dee11d58e2b92c59b4": {
            "text": "\u0218ablon cu c\u00e2mpul: %s"
        },
        "487cc58bb37a22e2cfc4d04c92267fee": {
            "text": "Afi\u0219a\u021bi \u0219abloanele de sistem?"
        },
        "19a3fc9f896f1ef86f69f782be122c37": {
            "text": "\u00cen mod implicit, \u0219abloanele de sistem \/ interne nu sunt afi\u0219ate. Face\u021bi clic pe \u201eDa\u201d pentru a le include \u00een lista de mai jos."
        },
        "86ec8350e4740a4cc47328ee7c984d40": {
            "text": "Ad\u0103uga\u021bi \u0219abloane noi"
        },
        "ff6be05386ed6fc79ccf24b5eb9432ac": {
            "text": "S-au ad\u0103ugat \u0219ablon \u0219i grup de c\u00e2mpuri: %s"
        },
        "0dea25b9c7f4d4afbe59f7f9b2741d29": {
            "text": "\u0218ablon g\u0103sit \u00een: %s"
        },
        "66c97c50054d31c710d96c0073ec4c78": {
            "text": "Au fost g\u0103site urm\u0103toarele \u0219abloane noi. Bifa\u021bi caseta de l\u00e2ng\u0103 fiecare \u0219ablon pe care dori\u021bi s\u0103-l ad\u0103uga\u021bi."
        },
        "f392144a3652c7daf4ee4f0377497709": {
            "text": "Nu s-au g\u0103sit fi\u0219iere \u0219ablon \u00een: %s"
        },
        "01582c3e65dc06c2cf178a0bdce2b4dd": {
            "text": "Crea\u021bi un \u0219ablon nou f\u0103r\u0103 fi\u0219ier"
        },
        "524fe63ba99d979ba854d38529c9abc1": {
            "text": "Dac\u0103 dori\u021bi s\u0103 crea\u021bi un \u0219ablon nou, chiar dac\u0103 \u00een prezent nu exist\u0103 niciun fi\u0219ier asociat, introduce\u021bi aici numele \u0219ablonului."
        },
        "24a144ffc0e6aae299d3a23c2152e7fa": {
            "text": "Edita\u021bi \u0219ablonul: %s"
        },
        "545d923164ab07a1b18e48e526f51259": {
            "text": "Paginile care utilizeaz\u0103 acest \u0219ablon nu sunt vizibile deoarece (%s)nu exista [no-file]."
        },
        "a6cdf6c364498c02bdaa499492780445": {
            "text": "O etichet\u0103 op\u021bional\u0103 pentru a descrie acest \u0219ablon."
        },
        "b5b8f523cefee8895f19a223c85f431f": {
            "text": "Gestiona\u021bi accesul la acest \u0219ablon"
        },
        "7a91f878f0e4c02c502a8d0583b0c6be": {
            "text": "Utilizare \u0219i plasare op\u021bional\u0103 \u00een arborele site-ului"
        },
        "501dba7089bbfb45c7c1a733477bcdc5": {
            "text": "Set\u0103ri op\u021bionale pentru adresele URL ale paginilor care utilizeaz\u0103 acest \u0219ablon"
        },
        "23f23b8b2e4cc5c8517468a6d001b3fd": {
            "text": "Memorarea \u00een cache a ie\u0219irii"
        },
        "244561833b6ce4599891cf9e33fb33d6": {
            "text": "Set\u0103ri avansate op\u021bionale pentru \u0219ablon"
        },
        "5dd56426fff182e0610cc0bf9d389437": {
            "text": "Set\u0103ri specifice sistemului"
        },
        "0d4ca2b82aa1381b25348c8509009839": {
            "text": "\u0218terge\u021bi \u0219ablonul"
        },
        "f89bc18e7afb05b3ac03300bec624b63": {
            "text": "Confirma stergerea"
        },
        "833914963b9e76310195f43171e185a6": {
            "text": "Este posibil ca acest \u0219ablon s\u0103 nu fie \u0219ters"
        },
        "f7c9b4730186dec196b0eaf4be43f530": {
            "text": "\u0218abloanele de sistem nu pot fi \u0219terse"
        },
        "890f96a8e633d19ff700b360949982af": {
            "text": "Re\u021bine\u021bi c\u0103, prin \u0219tergerea \u0219ablonului, acesta este doar eliminat din baza de date, fi\u0219ierele \u0219ablon de pe disc vor r\u0103m\u00e2ne intacte."
        },
        "0968f67bf85224770756cc134016da2b": {
            "text": "\u00cen mod implicit, fiecare dintre \u0219abloane are un grup de c\u00e2mpuri. Dac\u0103 dori\u021bi s\u0103 utiliza\u021bi c\u00e2mpuri dintr-un alt \u0219ablon, selecta\u021bi-le aici."
        },
        "6daa35fd97a645b8e37cae080eab3de9": {
            "text": "Ad\u0103uga\u021bi c\u00e2mp"
        },
        "b6b0afb901a4db116f6b8403cf434280": {
            "text": "Pentru referin\u021b\u0103, aceasta este o list\u0103 de c\u00e2mpuri utilizate de acest \u0219ablon. Acest \u0219ablon preia c\u00e2mpurile din \u0219ablon '%s'."
        },
        "0f62a8abd379b96004d8118b0d9a2399": {
            "text": "Pentru a stoca \u00een cache rezultatul acestui \u0219ablon, introduce\u021bi timpul (\u00een secunde) \u00een care rezultatul va fi l\u0103sat \u00een cache. Memorarea \u00een cache reduce considerabil timpul de prezentare a paginilor foarte grele. Cu toate acestea, memorarea \u00een cache nu ar trebui utilizat\u0103 \u00een \u0219abloanele care trebuie s\u0103 proceseze date \u00een schimbare constant\u0103, cum ar fi datele din formulare sau sesiuni. De asemenea, re\u021bine\u021bi c\u0103 \u0219i segmentele URL pot fi stocate \u00een cache, dar variabilele GET \u0219i POST nu."
        },
        "e71a260bc8db16e30f2dedeba9440a25": {
            "text": "De exemlu: 60 = 1 minut, 600 = 10 minut, 3600 = 1 ora, 86400 = 1 zi, 604800 = 1 saptamana, 2419200 = 1 luna."
        },
        "fa15c33b6ad59f9f8183f1b3c68ab082": {
            "text": "Salveaz\u0103 pagina \/ Expirarea memoriei cache"
        },
        "7ff5f438d6cc10c5f333e97329c72daa": {
            "text": "C\u00e2nd o pagin\u0103 care utilizeaz\u0103 acest \u0219ablon este salvat\u0103, ce trebuie s\u0103 se \u00eent\u00e2mple cu memoria cache?"
        },
        "fe4a994d36e75cfb408bdf0b5dd7af09": {
            "text": "Goli\u021bi memoria cache numai pentru paginile salvate (default)"
        },
        "e83d2e6601e2f724159034563ad4fde0": {
            "text": "Cur\u0103\u021ba\u021bi memoria cache pentru \u00eentregul site*"
        },
        "3bba41317ab3da84fd247ebaa32ea821": {
            "text": "Cur\u0103\u021ba\u021bi memoria cache pentru pagina salvat\u0103 \u0219i Child acesteia (inclusiv pagina de start)"
        },
        "f841b3150a439220f669e77e12ea0bda": {
            "text": "Goli\u021bi memoria cache pentru pagina salvat\u0103 \u0219i pentru alte pagini pe care le specific..."
        },
        "cd88ce600576fcc630878b5e374835a5": {
            "text": "Nu face nimic"
        },
        "cac7796ca8e88c31d8b23733cb7aaf03": {
            "text": "*Pentru a maximiza performan\u021ba, fi\u0219ierele cache sunt toate expirate ca grup \u0219i nu \u0219terse individual."
        },
        "7ebdcad871020558be972578bdf46a10": {
            "text": "Specifica\u021bi celelalte pagini care ar trebui s\u0103 aib\u0103 cache-ul golit"
        },
        "501a09415d30cab1819195e5566a0c0d": {
            "text": "C\u00e2nd paginile care utilizeaz\u0103 acest \u0219ablon sunt salvate, fi\u0219ierele lor cache vor fi \u0219terse. Selecta\u021bi mai jos celelalte pagini care ar trebui s\u0103 aib\u0103 \u0219i fi\u0219ierele cache \u0219terse."
        },
        "d6b522c2ed20093505dfa63be2ba0454": {
            "text": "Cache atunci c\u00e2nd reda\u021bi pagini pentru ace\u0219ti utilizatori"
        },
        "787f82b093280bcb87901ea228d7b083": {
            "text": "Doar pentru vizitatori"
        },
        "8a8e700d3ef2487708d671db81ed8ce3": {
            "text": "Vizitatori \u0219i utilizatori autentifica\u021bi"
        },
        "8d5e98c594942c49efea1af30c90efe5": {
            "text": "Re\u021bine\u021bi c\u0103 memoria cache este \u00eentotdeauna dezactivat\u0103 pentru paginile \u00een care utilizatorul are acces la editare, indiferent de ceea ce selecta\u021bi aici."
        },
        "d1db89af3df82862d45c9755e9aa0075": {
            "text": "Cache dezactiveaz\u0103 variabilele GET"
        },
        "ad63801f30d93a9f54257aa637d5ed89": {
            "text": "Cache-ul dezactiveaz\u0103 variabilele POST"
        },
        "dcc07e185c0c88ca7c4439fbaa56e4cb": {
            "text": "C\u00e2nd rezultatul \u0219ablonului este stocat \u00een cache, variabilele de acest tip sunt ignorate \u00een mod implicit. Pute\u021bi specifica op\u021bional unul sau mai multe nume de variabile care vor dezactiva memoria cache pentru acea cerere, determin\u00e2nd ca pagina s\u0103 fie redat\u0103 f\u0103r\u0103 cache."
        },
        "f32d42af055544c46a989bceee851733": {
            "text": "Op\u021bional, introduce\u021bi unul sau mai multe nume de variabile. Dac\u0103 introduce\u021bi mai multe, separa\u021bi fiecare printr-un spa\u021biu."
        },
        "f1a2199b60e95006b3d66f9eb5a9e621": {
            "text": "Numele folosit pentru a face referire la acest \u0219ablon. Acesta este, de asemenea, numele de fi\u0219ier implicit al fi\u0219ierului \u0219ablon (cu extensia .php) \u00een \/site\/templates\/."
        },
        "04f22e1af73c705475a4cc38a5c89ae3": {
            "text": "Numele fi\u0219ierului \u0219ablonului poate fi scris \u0219i va fi de asemenea redenumit."
        },
        "8d5a5a7af810d2ef80cf02082615c9dd": {
            "text": "Fi\u0219ierul \u0219ablon nu poate fi scris, a\u0219a c\u0103 va trebui s\u0103-l redenumi\u021bi manual (instruc\u021biunile vor fi furnizate dup\u0103 salvare)."
        },
        "7328590933d4202f89220d6b435b0e8f": {
            "text": "Lista c\u00e2mpurilor de afi\u0219at \u00een lista de pagini admin"
        },
        "61b468c296e8ff1ed4c18bd86392e1cc": {
            "text": "Introduce\u021bi unul sau mai multe nume de c\u00e2mpuri atribuite acestui \u0219ablon pentru a fi afi\u0219ate \u00een Lista de pagini de administrare atunci c\u00e2nd enumera\u021bi paginile care utilizeaz\u0103 acest \u0219ablon. Dac\u0103 sunt l\u0103sate necompletate, c\u00e2mpurile specificate \u00een configura\u021bia modulului ProcessPageList vor fi utilizate \u00een schimb. Numele c\u00e2mpurilor trebuie separate prin spa\u021biu \u0219i\/sau virgul\u0103. C\u00e2mpurile goale vor fi ignorate."
        },
        "b1a8a50c7276f36aeca631c5f4d18c9d": {
            "text": "Pute\u021bi introduce unul sau mai multe dintre aceste c\u00e2mpuri:"
        },
        "dc8ce981931b1e9b1f784c57730a67c1": {
            "text": "V\u0103 rug\u0103m s\u0103 re\u021bine\u021bi c\u0103 toate aceste set\u0103ri de sistem sunt destinate dezvolt\u0103rii sistemului ProcessWire (nu dezvolt\u0103rii site-ului). Folosi\u021bi-le pe propriul risc."
        },
        "e92f2f24e876c414f6cca0e1ed3bfa73": {
            "text": "Dac\u0103 este bifat, acest \u0219ablon va fi definit ca pentru sistem \u0219i nu va fi \u0219ters. Odat\u0103 ce indicatorul de sistem este activat, acesta poate fi eliminat numai prin intermediul API-ului (flagSystemOverride)."
        },
        "86c66b6c28f25016de70be40475eb881": {
            "text": "API: $template->flagSystem = 1; \/\/ sau 0 pentru a dezactiva"
        },
        "0b81495a48a77b7743e0a20fa02e6af9": {
            "text": "Numele claseo paginii"
        },
        "cfab2e7a62a89871220c3ebac5367331": {
            "text": "Numele clasei PHP care va fi folosit\u0103 pentru a crea pagini care utilizeaz\u0103 acest \u0219ablon. \u00cen mod implicit, paginile vor fi create din clasa Page. Ar trebui s\u0103 l\u0103sa\u021bi necompletat, cu excep\u021bia cazului \u00een care ave\u021bi o alt\u0103 clas\u0103 derivat\u0103 din pagin\u0103 pe care dori\u021bi s\u0103 o utiliza\u021bi."
        },
        "85ac227eb16808008afaf07f66cf0f7e": {
            "text": "Ignora\u021bi c\u00e2mpurile globale?"
        },
        "fd83133f05e8bacf7eb368a2d95de8fe": {
            "text": "Di default, quando un campo \u00e8 marcato come 'globale' sar\u00e0 richiesto in tutti i template (e aggiunto automaticamente su tutti i template in cui non c'\u00e8). Se questo template ha un uso particola\u00cen mod implicit, c\u00e2nd un c\u00e2mp este marcat \u201eglobal\u201d, acesta va fi obligatoriu pentru toate \u0219abloanele (\u0219i ad\u0103ugat automat la orice \u0219abloane care nu \u00eel au). Dac\u0103 acest \u0219ablon are un scop special \u00een care c\u00e2mpurile \u201eglobale\u201d nu s-ar aplica, pute\u021bi bifa aceast\u0103 caset\u0103 pentru ca acest \u0219ablon s\u0103 ignore c\u00e2mpurile \"Globale\""
        },
        "381e3cba7a92b2d007d0d534a58b17ff": {
            "text": "API: $template->noGlobal = 1; \/\/ sau 0 pentru a dezactiva"
        },
        "0176d878928026caefe7c81262335e1d": {
            "text": "Afi\u0219a\u021bi c\u00e2mpul 'nume' \u00een fila con\u021binut?"
        },
        "61788997b579a9bcfe17e394d394ad01": {
            "text": "\u00cen mod implicit, c\u00e2mpul 'nume' \u00eencorporat apare \u00een fila \u201eset\u0103ri\u201d a editorului de pagini. Dac\u0103 prefera\u021bi ca acesta s\u0103 apar\u0103 \u00een fila 'content'  bifa\u021bi aceast\u0103 caset\u0103."
        },
        "e864c0d94cbc5dc0faf1ce78d9021e63": {
            "text": "API: $template->nameContentTab = 1; \/\/ sau 0 pentru a dezactiva"
        },
        "42a6e7a5ed0d0ae111fa88a2ccf1aca2": {
            "text": "Nu permite\u021bi mutarea paginilor?"
        },
        "518270f594c5488ff1f8de2ac0429f0e": {
            "text": "Dac\u0103 dori\u021bi s\u0103 \u00eempiedica\u021bi mutarea paginilor care utilizeaz\u0103 acest \u0219ablon (schimbarea p\u0103rintelui), atunci bifa\u021bi aceast\u0103 caset\u0103."
        },
        "b919a5aafc6740109c0c58fe51916178": {
            "text": "Nu permite\u021bi paginilor s\u0103 \u00ee\u0219i schimbe \u0219ablonul?"
        },
        "6bb5af6d5240fb8b1d720a7e5bec4497": {
            "text": "C\u00e2nd selectat, \u0219ablonul de aceste pagini nu poate fi schimbat."
        },
        "29f47bc61ea7a6f45ee3d36da3a3feff": {
            "text": "Nu permite\u021bi pagini nepublicate"
        },
        "94c9fe9ddbd9380ceb726bef40232ea3": {
            "text": "C\u00e2nd sunt bifate, paginile care utilizeaz\u0103 acest \u0219ablon pot exista doar \u00eentr-o stare publicat\u0103 \u0219i nu pot fi nepublicate."
        },
        "19a460b1edf9cc0616cd0ce03e9a0ddf": {
            "text": "Dezactiva\u021bi op\u021biunea Co\u0219 de gunoi?"
        },
        "38354c9531a0d7056f7f98de8810a2f1": {
            "text": "C\u00e2nd sunt bifate, paginile care utilizeaz\u0103 acest \u0219ablon nu vor avea op\u021biunea de a fi trimise la co\u0219ul de gunoi."
        },
        "69385004eb4f22d17482beb09e549453": {
            "text": "API: $template->noTrash = 1; \/\/ sau 0 pentru a dezactiva"
        },
        "a7c1ec59b9f4fea9e41e1ca799437193": {
            "text": "Dezactiva\u021bi tab-ul Set\u0103ri?"
        },
        "abad59d4cf5691fd0506cb650dff0f5b": {
            "text": "C\u00e2nd sunt bifate, paginile care utilizeaz\u0103 acest \u0219ablon nu vor avea o fil\u0103 \u201eset\u0103ri\u201d \u00een editor."
        },
        "6064635b0dec3189859052c02adc0fc5": {
            "text": "Permite\u021bi ca \"utilizatorul creat\" s\u0103 fie modificat pe pagini?"
        },
        "16a657e6bf4576ef101f1bcca129694c": {
            "text": "C\u00e2nd sunt bifate, paginile care folosesc acest \u0219ablon vor avea op\u021biunea de a schimba \u201ecreate de utilizator\u201d (doar pentru superutilizatori). De asemenea, va permite salvarea c\u00e2mpurilor $page->createdUser sau $page->created_users_id prin API."
        },
        "1adb25e12d2b0d06683c3dc04e833631": {
            "text": "Afi\u0219a\u021bi pagina de conectare: %s"
        },
        "690d663be740c77b16476dfd06a4a4b7": {
            "text": "Numele\"%s\" este deja folosit"
        },
        "249e45d525f325778f98cdd90eaf0b32": {
            "text": "HTTP sau HTTPS"
        },
        "4cca2a863deef0fc4de9115b9164537b": {
            "text": "Neetichetat"
        },
        "5cb36b26303f4abb0dea36f9bb96887f": {
            "text": "Dac\u0103 dori\u021bi s\u0103 grupa\u021bi vizual acest \u0219ablon cu al\u021bii din lista de \u0219abloane, introduce\u021bi o etichet\u0103 cu un singur cuv\u00e2nt. Introduce\u021bi aceea\u0219i etichet\u0103 \u00een alte \u0219abloane cu care dori\u021bi s\u0103 grupa\u021bi. Pentru a specifica mai multe etichete, separa\u021bi fiecare cu un spa\u021biu. Utilizarea etichetelor poate fi util\u0103 dac\u0103 site-ul dvs. are un num\u0103r mare de \u0219abloane."
        },
        "7f511c25eccff9ce7127eecfb136f443": {
            "text": "Fiecare etichet\u0103 trebuie s\u0103 con\u021bin\u0103 un singur cuv\u00e2nt (securizarea \u00een silabe este \u00een regul\u0103)."
        },
        "bafd7322c6e97d25b6299b5d6fe8920b": {
            "text": "Nu"
        },
        "5124b02da7ffa5ef666dc8bde11cd10d": {
            "text": "Ori \/ nu conteaz\u0103"
        },
        "0e2511c51c799246bc640afd3b4cc07b": {
            "text": "Pute\u021bi introduce mai multe nume de \u0219abloane, separ\u00e2nd fiecare cu un spa\u021biu."
        },
        "c64518704ce0c0d5501a45763f464276": {
            "text": "Folosit"
        },
        "6f8d1b93e4aad53511c85e29ed36b3d0": {
            "text": "(implicit)"
        },
        "c5abeb6189c82d5b9d81bbcac604408b": {
            "text": "Stare cache"
        },
        "b9f5c797ebbf55adccdd8539a65a0241": {
            "text": "Dezactivat"
        },
        "399c72ebbb8b618eeb11aab334a88369": {
            "text": "Activat (cache de \u0219ablon)"
        },
        "6d490a96685b13339b51530ee05a7c9a": {
            "text": "Activat (ProCache, configurat aici)"
        },
        "404deca0459b84d7308fb7c434301657": {
            "text": "Paginile care utilizeaz\u0103 acest \u0219ablon sunt \u00een prezent stocate \u00een cache \u00een ProCache, dar configurate direct \u00een ProCache. Pentru a configura set\u0103rile ProCache pentru acest \u0219ablon aici, alege\u021bi op\u021biunea ProCache de mai sus."
        },
        "b0349bb2d18f943c6aa52c5c038850a0": {
            "text": "Dac\u0103 utiliza\u021bi [ProCache](%s) nu este nevoie s\u0103 utiliza\u021bi setarea cache aici."
        },
        "70445e42e2f9089020b0ba1c23063287": {
            "text": "Goli\u021bi memoria cache pentru pagina salvat\u0103 \u0219i pentru selectorul de potrivire a altor pagini..."
        },
        "f62b09e2a4c1eb3583afe9c213b981c8": {
            "text": "Selector pentru a g\u0103si celelalte pagini care ar trebui s\u0103 aib\u0103 cache-ul golit."
        },
        "dcbec326309994892030ce4aa6f72f75": {
            "text": "Salva\u021bi acest \u0219ablon \u0219i apoi reveni\u021bi aici pentru a v\u0103 configura selectorul."
        },
        "711aef464118d5be216c2879591fbb5a": {
            "text": "Selector de expirare a memoriei cache"
        },
        "fc5817e1bd14f3acbf2266635b0e30ed": {
            "text": "Pentru a dezactiva memoria cache atunci c\u00e2nd este prezent\u0103 orice variabil\u0103, introduce\u021bi doar un asterisc: * (recomandat)"
        },
        "189f63f277cd73395561651753563065": {
            "text": "Etichete"
        },
        "f578ef5a7330291e151dc6052fe85bfe": {
            "text": "Op\u021bional, \u00eenlocui\u021bi eticheta implicit\u0103 a filei \u201eCon\u021binut\u201d."
        },
        "5fda5af59d211bd673998a69f051c3f2": {
            "text": "Op\u021bional, \u00eenlocui\u021bi eticheta implicit\u0103 a filei \"child\"."
        },
        "4a49f761ce504d9c073de20eba6ca069": {
            "text": "Op\u021bional, \u00eenlocui\u021bi eticheta implicit\u0103 de proprietate \u201eNume\u201d."
        },
        "817434295a673aed431435658b65d9a7": {
            "text": "Pictogram\u0103"
        },
        "4f50a13dad7a9fb97496e4b62718d3a8": {
            "text": "Selecta\u021bi o pictogram\u0103 care va fi asociat\u0103 cu acest \u0219ablon \u0219i paginile care utilizeaz\u0103 acest \u0219ablon (\u00een administrator)."
        },
        "9a4127b29b0b6c40638af21074829f0e": {
            "text": "De asemenea, pute\u021bi utiliza propriul format (\u0219i orice semne de punctua\u021bie\/caractere suplimentare) specific\u00e2nd numele c\u00e2mpurilor \u00eentre paranteze, adic\u0103 {name}, {categories.title} etc."
        },
        "9c16eb3042fbf6c2b73a21dea122d19e": {
            "text": "Pentru a specifica o proprietate a unui c\u00e2mp, \u00eenconjura\u021bi c\u00e2mpul \u00eentre paranteze \u0219i introduce\u021bi {field_name.property}, de exemplu: {categories.title}."
        },
        "8f0944546d02e3fd7de73e9418494b3b": {
            "text": "Comut\u0103ri de \u0219ablon"
        },
        "249d044ac9d6d23ba96d1515cc4717e4": {
            "text": "\u00cen general, ar trebui s\u0103 l\u0103sa\u021bi aceste comut\u0103ri nebifate, cu excep\u021bia cazului \u00een care ave\u021bi o nevoie specific\u0103 acoperit\u0103 aici."
        },
        "dc105ac52c237f9f09c74b0767f64f74": {
            "text": "Tipul de con\u021binut"
        },
        "7df96b18c230f90ada0a9e2307226338": {
            "text": "\u0218ablon"
        },
        "1f1e0f35a65380b2fb521f45ebe074d4": {
            "text": "Numele \u0219abloanelor pot folosi litere (a-z A-Z), cifre (0-9), cratime \u0219i litere de subliniere."
        },
        "121b570925fe79a1a61a5af3597db410": {
            "text": "Literele mici sunt op\u021bionale, dar recomandate."
        },
        "f2b378843f03d80972622754302da574": {
            "text": "Nu include\u021bi o extensie de fi\u0219ier."
        },
        "9cc59ab6a716c29aa5e36e79f150552c": {
            "text": "Numele \u0219ablonului nu se potrive\u0219te cu formatul necesar."
        },
        "49ee3087348e8d44e1feda1917443987": {
            "text": "Nume"
        },
        "b021df6aac4654c454f46c77646e745f": {
            "text": "Eticheta"
        },
        "a1fa27779242b4902f7ae3bdd5c6d508": {
            "text": "Tip"
        },
        "9b2692fa9c25a63ff93341c03734c067": {
            "text": "Gestiona\u021bi etichetele"
        },
        "d52ab043aebc166d5bbf3b73e0bffb0f": {
            "text": "Filtra\u021bi dup\u0103 c\u00e2mp"
        },
        "b3a57cf1770883844c8e986675546d20": {
            "text": "Dac\u0103 tocmai a\u021bi ad\u0103ugat c\u00e2mpuri mai sus, salva\u021bi mai \u00eent\u00e2i \u0219i apoi reveni\u021bi aici pentru a le selecta."
        },
        "af6397fe799c6883d32c1904e226a176": {
            "text": "Nu este disponibil din motivele enumerate mai jos"
        },
        "78f0addb345c31ce3601b53076e87281": {
            "text": "Defini\u021bi c\u00e2mpurile personalizate pentru \"%s\". Nu este necesar s\u0103 configura\u021bi nimic altceva aici."
        },
        "1ee7f0f967f1817a4d0df8dac4105ebc": {
            "text": "Selecta\u021bi c\u00e2mpurile care sunt utilizate de acest \u0219ablon \u0219i trage\u021bi\/plasa\u021bi \u00een ordinea dorit\u0103."
        },
        "2e5b330cc3f63247217f9a7aff0ba468": {
            "text": "De asemenea, pute\u021bi face clic pe numele c\u00e2mpului sau eticheta pentru a edita \u00een contextul acestui \u0219ablon, pute\u021bi face clic\/trage indicatorul procentual pentru a ajusta l\u0103\u021bimea sau [crea\u021bi un c\u00e2mp nou](%s)."
        },
        "5b55d084858290c6852cb1b0bd6be400": {
            "text": "Salva\u021bi acest \u0219ablon pentru a putea edita aici c\u00e2mpurile nou ad\u0103ugate."
        },
        "044c72d21891e006e09a78d32a1e3226": {
            "text": "Inchide si adauga"
        },
        "8ad0889e260991fdddd4730a35287dad": {
            "text": "Face\u021bi clic \u0219i trage\u021bi pentru a ajusta l\u0103\u021bimea c\u00e2mpului"
        },
        "710392d799626a77535d30648716ddd3": {
            "text": "Salva\u021bi \u0219ablonul \u00eenainte de a ajusta l\u0103\u021bimea noului c\u00e2mp"
        },
        "6d54a6464afb9baefe6dc9b5bb9407ba": {
            "text": "Redenumi\u021bi \u0219ablonul"
        },
        "50b8391d080056ff0fef83460aec05c2": {
            "text": "Duplica\u021bi\/clona\u021bi acest \u0219ablon"
        },
        "4b5a4101eef9107a93653ecef0418ed1": {
            "text": "Introduce\u021bi numele noului \u0219ablon pe care dori\u021bi s\u0103 \u00eel crea\u021bi. Clona va fi creat\u0103 c\u00e2nd salva\u021bi. Dac\u0103 directorul de \u0219abloane poate fi scris \u0219i \u0219ablonul are un fi\u0219ier, acesta va fi, de asemenea, clonat."
        },
        "6a40b08ae62e68a7c0d75fbe482422bb": {
            "text": "Copia\u021bi c\u00e2mpurile dintr-un alt \u0219ablon"
        },
        "8daeee7ba24747388991aebbef424aca": {
            "text": "Dac\u0103 dori\u021bi s\u0103 copia\u021bi c\u00e2mpurile utilizate de un alt \u0219ablon, selecta\u021bi-l aici. C\u00e2mpurile deja prezente \u00een acest \u0219ablon vor fi l\u0103sate singure."
        },
        "4a290c3c1090e21dd600de5f741fa083": {
            "text": "Ac\u021biune de c\u00e2mp necesar\u0103"
        },
        "413c8d36faee24af361553c804386428": {
            "text": "Ce ac\u021biune ar trebui luat\u0103 atunci c\u00e2nd o pagin\u0103 deja publicat\u0103 este salvat\u0103 cu un c\u00e2mp obligatoriu lips\u0103?"
        },
        "6aa324ce3baf41a239eaa440caba0a51": {
            "text": "Alert\u0103 utilizatorul despre eroare (implicit)"
        },
        "df169cc44c2c05b1bc4f79938c03405b": {
            "text": "Restabili\u021bi valoarea anterioar\u0103 (dac\u0103 este disponibil\u0103)"
        },
        "90ffa24b83a6a28137f9063f7e6cdc4b": {
            "text": "Anula\u021bi publicarea paginii (c\u00e2nd este permis)"
        },
        "6be7133083e1d91f772589bf24aa5e48": {
            "text": "specifica\u021bi 0 pentru a dezactiva"
        },
        "4250b64aabe2bd1f7764377c2f5380c4": {
            "text": "Dezactiva\u021bi suportul \u00een mai multe limbi pentru acest \u0219ablon?"
        },
        "109da571222f1c753257a9ea7d9c0f23": {
            "text": "C\u00e2nd sunt bifate, paginile care utilizeaz\u0103 acest \u0219ablon vor folosi doar limba implicit\u0103."
        },
        "bd1ab8d7a2147046de89d54d6d03f39d": {
            "text": "Sistem"
        },
        "7de04564993d28e2b32be513c1575777": {
            "text": "Acces"
        },
        "6a90024dcca935af3329542c3f346229": {
            "text": "API: $template->noSettings = 1; \/\/ sau 0 pentru a dezactiva"
        },
        "a8d7050d17168bae58f775f20d56eeba": {
            "text": "Paginile care folosesc acest \u0219ablon pot avea copii?"
        },
        "0f79346b34fe5a07bf9ad38ef37e1723": {
            "text": "Acest \u0219ablon poate fi folosit pentru pagini noi?"
        },
        "6ab8ac5b13a48347d2ca00a38bb06f94": {
            "text": "Un exemplu de \u0219ablon pe care nu a\u021bi dori s\u0103 fie folosit pentru pagini noi este \u0219ablonul dvs. \u201epagin\u0103 de pornire\u201d."
        },
        "06c2cea18679d64399783748fa367bdd": {
            "text": "Unu"
        },
        "b4a25e0860ab98f8476c6339abbb773b": {
            "text": "nu mai este permis"
        },
        "1e791aefe4014d2551110c4348279487": {
            "text": "\u0218ablon(e) permis(e) pentru copii"
        },
        "fcdd2e278208618dfa795ed85ba1eb06": {
            "text": "Selecta\u021bi \u0219abloanele care vor fi permise pentru copiile paginilor care utilizeaz\u0103 acest \u0219ablon. Utiliza\u021bi acest lucru numai dac\u0103 dori\u021bi \u00een mod special s\u0103 restric\u021biona\u021bi plasarea paginilor folosind acest \u0219ablon."
        },
        "9927f70231db8b53612513d00b934a7c": {
            "text": "Dac\u0103 niciunul nu este selectat, atunci oricare este permis, \u00een limitele de acces ale utilizatorului. Un exemplu de utilizare ar putea fi un \u0219ablon \u201elist\u0103 de \u0219tiri\u201d c\u0103ruia \u00eei este permis doar ca copii s\u0103 utilizeze \u0219abloane \u201earticol de \u0219tire\u201d sau \u201ecomunicat de pres\u0103\u201d."
        },
        "ad1d924dc261c8945b07d271c9cd5888": {
            "text": "\u0218abloanele indicate cu %s trebuie, de asemenea, configurate pentru a permite acest \u0219ablon ca p\u0103rinte. Face\u021bi clic pe orice \u0219ablon selectat ca scurt\u0103tur\u0103 pentru a configura p\u0103rin\u021bii permisi."
        },
        "81d8cfa67d7f3fa526cff71bd27238c5": {
            "text": "\u0218abloanele indicate cu %s sunt deja configurate pentru a permite acest \u0219ablon ca p\u0103rinte."
        },
        "1b50b9bdfa1846ef031dc3cc190267d6": {
            "text": "\u0218ablon(e) permis(e) pentru p\u0103rin\u021bi"
        },
        "8d3a827d5474c79dc3434e5e29f7a80f": {
            "text": "Selecta\u021bi \u0219abloanele care vor fi permise ca p\u0103rin\u021bi pentru paginile care utilizeaz\u0103 acest \u0219ablon. Utiliza\u021bi acest lucru numai dac\u0103 dori\u021bi \u00een mod special s\u0103 restric\u021biona\u021bi plasarea paginilor folosind acest \u0219ablon."
        },
        "dc70febc65985c326b6d7a85502ddc0a": {
            "text": "Dac\u0103 nu este selectat niciun \u0219ablon, este permis orice \u0219ablon p\u0103rinte, \u00een limitele de acces ale utilizatorului. Un exemplu de utilizare ar putea fi un \u0219ablon 'angajat' c\u0103ruia i se permite doar s\u0103 aib\u0103 o pagin\u0103 p\u0103rinte folosind un \u0219ablon \u201edirector de companie\u201d."
        },
        "fb3f093ab0572a059120f2c7c680da3c": {
            "text": "\u0218abloanele indicate cu %s trebuie, de asemenea, configurate pentru a permite acest \u0219ablon pentru copii. Face\u021bi clic pe orice \u0219ablon selectat ca comand\u0103 rapid\u0103 pentru a configura copiii permisi."
        },
        "173fc4509c54323d4c0da3ffea41742c": {
            "text": "\u0218abloanele indicate cu %s sunt deja configurate pentru a permite acest \u0219ablon ca copil."
        },
        "92fe79a8aa59b037f5f6e2b43f89fea8": {
            "text": "Format de nume pentru copii"
        },
        "5cf485ae4559df60232a5ff0f87783cb": {
            "text": "Op\u021bional, specifica\u021bi un format pentru numele paginilor utilizate atunci c\u00e2nd este ad\u0103ugat\u0103 o nou\u0103 pagin\u0103 copil. Acest lucru permite s\u0103 omite\u021bi pasul \"Ad\u0103ugarea paginii\" atunci c\u00e2nd ad\u0103uga\u021bi o pagin\u0103 nou\u0103. Pentru a func\u021biona, trebuie selectat un singur (1) \u0219ablon pentru c\u00e2mpul \"\u0218ablon(e) permis(e) pentru copii\" de mai sus."
        },
        "27dd547b53bb1b3c67c345f984747010": {
            "text": "L\u0103sa\u021bi necompletat pentru a dezactiva. Introduce\u021bi \u201etitlu\u201d (f\u0103r\u0103 ghilimele) pentru a genera automat numele din titlul paginii. Sunt disponibile \u0219i mai multe op\u021biuni, inclusiv formate de dat\u0103. [Mai multe](http:\/\/processwire.com\/api\/modules\/process-template\/)"
        },
        "de4914b2943f3cfce0232ae281a8b155": {
            "text": "Afi\u0219a\u021bi \u00een meniul de comenzi rapide pentru ad\u0103ugarea paginii?"
        },
        "eaf9115aadc503ff009e4c769963a877": {
            "text": "C\u00e2nd este bifat, acest \u0219ablon este eligibil s\u0103 apar\u0103 pe butonul\/meniul de comand\u0103 rapid\u0103 \"ad\u0103uga\u021bi o pagin\u0103 nou\u0103\" care apare pe ecranul principal de pagini. Aceasta presupune c\u0103 toate celelalte condi\u021bii sunt \u00eendeplinite (vezi mai jos)."
        },
        "9351544406147e2f9a081ce279e7f687": {
            "text": "Pentru a ajusta ordinea \u00een care \u0219abloanele apar \u00een meniul de comenzi rapide, consulta\u021bi set\u0103rile modulului PageAdd."
        },
        "91426b7105692d7c29b6307385ea99d1": {
            "text": "Condi\u021bii necesare pentru ca aceasta s\u0103 func\u021bioneze"
        },
        "635a2459897d3f0072993713558c84b0": {
            "text": "1. Trebuie s\u0103 selecta\u021bi un \u0219ablon p\u0103rinte (vezi: \"\u0219abloane permise pentru p\u0103rin\u021bi\" mai sus). Dac\u0103 este selectat mai mult de 1, va fi folosit doar primul."
        },
        "b14d306525e8d6e9927d577a59064048": {
            "text": "2. \u0218ablonul de p\u0103rinte selectat trebuie s\u0103 fi definit acest \u0219ablon ca fiind unul permis pentru copii."
        },
        "67c0041f81951ac9b6b46dd2311fb9aa": {
            "text": "Sorta\u021bi set\u0103rile pentru copii"
        },
        "2a233a750cca4cc7bde0dcc7f8a2c4ec": {
            "text": "Dac\u0103 dori\u021bi ca copiii s\u0103 sorteze automat dup\u0103 un anumit c\u00e2mp, selecta\u021bi-l aici. \u00cen caz contrar, selecta\u021bi \"Niciuna\" pentru a permite setarea pe pagin\u0103. Aceasta anuleaz\u0103 setarea paginii, a\u0219a c\u0103 dac\u0103 selecta\u021bi altceva dec\u00e2t \"Niciuna\",  op\u021biunea de sortare nu va ap\u0103rea pentru paginile care utilizeaz\u0103 acest \u0219ablon."
        },
        "d3da97e2d9aee5c8fbe03156ad051c99": {
            "text": "Mai mult"
        },
        "fd80e24b28f66f7a579ced68340fd3fa": {
            "text": "Permite\u021bi numere de pagin\u0103?"
        },
        "991dba5ecf8a850b42ffc2e6d0697c2b": {
            "text": "Dac\u0103 este bifat\u0103, paginile care utilizeaz\u0103 acest \u0219ablon vor accepta paginarea."
        },
        "4ee65b65a7329e4d76cce40b69075c2d": {
            "text": "Accesa\u021bi num\u0103rul actual al paginii din fi\u0219ierele \u0219ablon cu $input->pageNum."
        },
        "fb72654fb51cb493c6d0123505d9e596": {
            "text": "Adresele URL ale numerelor de pagin\u0103 ar trebui s\u0103 aib\u0103 o bar\u0103 oblic\u0103 final\u0103?"
        },
        "3a426f05b968cc7c6022ac1388e7d8e7": {
            "text": "Permite\u021bi segmente URL?"
        },
        "4295c2949c604273ad18a82924a06684": {
            "text": "Dac\u0103 este bifat\u0103, paginile care utilizeaz\u0103 acest \u0219ablon vor accepta segmente URL personalizate dup\u0103 adresa URL a paginii."
        },
        "3f967ce93af0de3a0457071f3d743f14": {
            "text": "Accesa\u021bi segmentele URL curente din fi\u0219ierele \u0219ablon cu $input->urlSegmentStr."
        },
        "bbd5238aeedba403b7977656d2f132fc": {
            "text": "Segmentele URL ar trebui s\u0103 se termine cu o bar\u0103 oblic\u0103 final\u0103?"
        },
        "85eb71c20f7740fc3bdbf7dfdee2636b": {
            "text": "Ce segmente URL dori\u021bi s\u0103 permite\u021bi?"
        },
        "db2a37c1bdec2b30f0c7c9d789b3bfcc": {
            "text": "Introduce\u021bi un segment permis, cale de segment sau expresie regulat\u0103 pe linie sau l\u0103sa\u021bi necompletat pentru a permite oricare."
        },
        "d5bf40c0f8c27c98db4d65ebc8cdc0c7": {
            "text": "Adresele URL ale paginilor ar trebui s\u0103 se termine cu o bar\u0103 oblic\u0103?"
        },
        "60cb362641cd33525562c9d62d0f8d18": {
            "text": "Dac\u0103 \"Da\", paginile care utilizeaz\u0103 acest \u0219ablon vor avea \u00eentotdeauna adrese URL care se termin\u0103 cu o bar\u0103 oblic\u0103 \"\/\". \u0218i dac\u0103 pagina este \u00eenc\u0103rcat\u0103 dintr-o adres\u0103 URL f\u0103r\u0103 bar\u0103 oblic\u0103, va fi redirec\u021bionat\u0103 c\u0103tre aceasta. Dac\u0103 selecta\u021bi \"nU\", versiunea f\u0103r\u0103 t\u0103ieturi va fi aplicat\u0103 \u00een schimb. Re\u021bine\u021bi c\u0103 aceast\u0103 setare nu impune acest comportament pentru segmentele URL sau numerele de pagin\u0103, ci doar adresele URL reale ale paginilor. Dac\u0103 nu ave\u021bi o preferin\u021b\u0103, este recomandat s\u0103 l\u0103sa\u021bi acest set la \"Da\"."
        },
        "2d234a37f1f09a868ff9e51cbec93c0a": {
            "text": "Schem\u0103\/Protocol"
        },
        "d50c90d8cbe8ba3ac7178aeb59f93b68": {
            "text": "Numai HTTPS (criptat SSL)"
        },
        "ea43e91e88d8e9dd3cd46d5470fb71d6": {
            "text": "Doar HTTP"
        },
        "ecb1f1de9e0f813e37e40e2aa016c008": {
            "text": "Dac\u0103 site-ul dvs. are un certificat SSL \u0219i este accesibil prin HTTPS, pute\u021bi face paginile care utilizeaz\u0103 acest \u0219ablon accesibile numai prin HTTPS sau HTTP. De exemplu, dac\u0103 selecta\u021bi \u201eNumai HTTPS\u201d de mai jos \u0219i o solicitare pentru o pagin\u0103 care utilizeaz\u0103 acest \u0219ablon vine prin HTTP, aceasta va fi redirec\u021bionat\u0103 automat la versiunea HTTPS. \u00cen mod implicit, ProcessWire permite conectarea fie prin HTTP, fie prin HTTPS."
        },
        "3797b58404902683867d788211ac5ce2": {
            "text": "Folosi\u021bi fi\u0219ierul compilat?"
        },
        "e139846cbe34d9fe671e7b5975d367ba": {
            "text": "Permite ProcessWire s\u0103 actualizeze fi\u0219ierul \u0219ablon pentru spa\u021biul de nume ProcessWire \u0219i s\u0103 aplice orice module FileCompiler instalate."
        },
        "d539c03bba4a77f2fb76ab46fa9b93f1": {
            "text": "Recomandat cel pu\u021bin pentru fi\u0219ierele \u0219ablon care nu utilizeaz\u0103 un spa\u021biu de nume ProcessWire (cum ar fi cele care provin de la site-urile PW 2.x)."
        },
        "adab801f8cca3e7d6f780fe4853eb55f": {
            "text": "Dac\u0103 nu sunte\u021bi sigur, alege\u021bi \u201eAutomat\u201d."
        },
        "cacd642e8d383be621123210fa6d9d74": {
            "text": "(dezactiveaz\u0103 compilatorul)"
        },
        "a441d0ada5c25b0aaf68585c3cd98609": {
            "text": "Auto (compila\u021bi c\u00e2nd fi\u0219ierul nu are spa\u021biu de nume)"
        },
        "422d6e51e28831664b5c0b701b6c6182": {
            "text": "(numai fi\u0219ier \u0219ablon)"
        },
        "ad6d587b4370281434a47d58aaf1e5a5": {
            "text": "(fi\u0219ier \u0219ablon \u0219i fi\u0219iere incluse din acesta)"
        },
        "1d926a6b89b4bc848e3f4ffa3e1bd67d": {
            "text": "Spa\u021biul de nume al fi\u0219ierului \u0219ablon detectat este \"%s\"."
        },
        "0b506a8d05b70f0f99d7843e1e7ce9c2": {
            "text": "Se recomand\u0103 compilarea."
        },
        "9b404a9b5976b30bf436e218068b3d4d": {
            "text": "Compilarea nu este necesar\u0103 dec\u00e2t dac\u0103 este necesar\u0103 pentru module sau include."
        },
        "65cee0d2556f206faa5e315e2f165551": {
            "text": "Antet de trimis cu ie\u0219ire fi\u0219ier \u0219ablon. Dac\u0103 nu este selectat niciunul, ProcessWire nu va trimite un antet de tip con\u021binut \u0219i \u00een majoritatea cazurilor se presupune text\/html. Selectarea unui tip de con\u021binut este recomandat\u0103 atunci c\u00e2nd rezultatul va fi altceva dec\u00e2t html."
        },
        "6540057c786960e596930c3041771293": {
            "text": "Pentru a ad\u0103uga mai multe tipuri de con\u021binut, consulta\u021bi contentTypes \u00een \/wire\/config.php (\u0219i ad\u0103uga\u021bi-le \u00een \/site\/config.php)."
        },
        "e9c90e0ba4fdd701df9d4ff73c82dc3e": {
            "text": "Nume de fi\u0219ier \u0219ablon alternativ"
        },
        "f8faba0e1d9c277a84bb16a48f9d57f6": {
            "text": "Numele fi\u0219ierului \u0219ablonului, dac\u0103 este diferit de: %s"
        },
        "217ca16c1e160b229a71c244512c3d4d": {
            "text": "Se presupune c\u0103 fi\u0219ierele \u0219ablon se afl\u0103 \u00een directorul: %s"
        },
        "043008c261f9d0e109c03ab63e047bcd": {
            "text": "Se presupune c\u0103 extensia fi\u0219ierului \u0219ablon este: %s"
        },
        "58a0dd4014386dd156c47a6d69cdd5f8": {
            "text": "Fi\u0219ier pentru a ad\u0103uga fi\u0219ierul \u0219ablon \u00een timpul red\u0103rii paginii. Trebuie s\u0103 fie relativ la \/site\/templates\/."
        },
        "9c33f36534809a059d32ae185a28ad0e": {
            "text": "Fi\u0219ier de ata\u0219at la fi\u0219ierul \u0219ablon \u00een timpul red\u0103rii paginii. Trebuie s\u0103 fie relativ la \/site\/templates\/."
        },
        "ab6b38f8849f9837a2fbb24721ab5e99": {
            "text": "Dezactiva\u021bi antepunerea automat\u0103 a fi\u0219ierului: %s"
        },
        "07bbc1cae53fb8d26759b5564e6a5824": {
            "text": "Aceast\u0103 op\u021biune dezactiveaz\u0103 setarea $config->prependTemplateFile din \/site\/config.php numai pentru acest \u0219ablon."
        },
        "95dac43782405c335b194c4f4ff28436": {
            "text": "Dezactiva\u021bi ad\u0103ugarea automat\u0103 a fi\u0219ierului: %s"
        },
        "438f365e84607c69184559ff2e9d974b": {
            "text": "Aceast\u0103 op\u021biune dezactiveaz\u0103 setarea $config->appendTemplateFile din \/site\/config.php numai pentru acest \u0219ablon."
        },
        "707380d7bcc2ece9eead5a5879fb1c22": {
            "text": "Dori\u021bi s\u0103 gestiona\u021bi accesul la vizualizarea \u0219i editarea paginilor folosind acest \u0219ablon?"
        },
        "22ac5f69365966a7ce509e349b23539a": {
            "text": "Dac\u0103 selecta\u021bi \"Da\", pute\u021bi defini ce roluri au acces la pagini folosind acest \u0219ablon. Dac\u0103 selecta\u021bi \"No\", paginile care utilizeaz\u0103 acest \u0219ablon vor mo\u0219teni accesul de la paginile lor p\u0103rinte."
        },
        "26b6d64574e88f30f407e16212dc4d57": {
            "text": "Ce s\u0103 faci c\u00e2nd utilizatorul \u00eencearc\u0103 s\u0103 vizualizeze o pagin\u0103 \u0219i nu are acces?"
        },
        "e13c4cbb7f089450e12b10561001f9e1": {
            "text": "Dac\u0103 un utilizator \u00eencearc\u0103 s\u0103 acceseze o pagin\u0103 folosind acest \u0219ablon \u0219i nu are acces la pagin\u0103, ce ar trebui s\u0103 fac\u0103?"
        },
        "998806f5cd0395d2ea2c406b57463397": {
            "text": "Afi\u0219a\u021bi o pagin\u0103 404"
        },
        "491b2e7db94dabf054ee83c101755e87": {
            "text": "Redirec\u021biona\u021bi c\u0103tre o alt\u0103 adres\u0103 URL sau reda\u021bi o pagin\u0103 dup\u0103 ID"
        },
        "9f461848426762d3cf5e46a83b9f2657": {
            "text": "Adresa URL de redirec\u021bionare sau ID-ul paginii pentru a reda autentificare"
        },
        "ba5068f94547142a71a790f6dedc9a77": {
            "text": "Introduce\u021bi adresa URL c\u0103tre care dori\u021bi s\u0103 redirec\u021biona\u021bi SAU ID-ul paginii pe care dori\u021bi s\u0103 o reda\u021bi atunci c\u00e2nd un utilizator nu are acces."
        },
        "9f0e0bbab28d57fef318155ea51c6d68": {
            "text": "Dac\u0103 specifica\u021bi un ID de pagin\u0103, v\u0103 rug\u0103m s\u0103 re\u021bine\u021bi c\u0103 pagina rezultat\u0103 va fi redat\u0103 pentru utilizator, indiferent dac\u0103 are sau nu permisiunea de vizualizare."
        },
        "1fa93855c234c32d0a9451ce1ef4fa6c": {
            "text": "Acest lucru este util \u00een cazurile \u00een care pagina dvs. de autentificare ar putea fi ea \u00eens\u0103\u0219i protejat\u0103 de acces."
        },
        "793e0cc1771feadd7a91c0031e7ad663": {
            "text": "Aceast\u0103 setare este aplicabil\u0103 numai dac\u0103 a\u021bi selectat op\u021biunea \"C\" \u00een c\u00e2mpul de mai sus."
        },
        "2f2055affca16d8404e278fc1d6c3a07": {
            "text": "Op\u021bional: \u00een adresa URL, pute\u021bi include eticheta \u201e{id}\u201d (poate ca o variabil\u0103 GET) \u0219i va fi \u00eenlocuit\u0103 cu num\u0103rul de identificare al paginii solicitate, dac\u0103 dori\u021bi."
        },
        "77b116ba76d6cad7420de0729f5437cb": {
            "text": "Ar trebui ca paginile s\u0103 poat\u0103 fi c\u0103utate atunci c\u00e2nd utilizatorul nu are acces?"
        },
        "6ceb6814781363fa5e58fc38fe5910a1": {
            "text": "C\u00e2nd un utilizator nu are acces pentru a vizualiza o pagin\u0103 folosind acest \u0219ablon, ce ar trebui s\u0103 se \u00eent\u00e2mple \u00een c\u0103ut\u0103ri \u0219i liste de pagini?"
        },
        "9afb9f536d5471f188308f8e160a555c": {
            "text": "Da - Paginile pot ap\u0103rea \u00een c\u0103ut\u0103ri\/liste chiar dac\u0103 utilizatorul nu are acces pentru a le vizualiza"
        },
        "ac32650de5a87d0e83f088edcefbc9a8": {
            "text": "Nu - Paginile NU pot ap\u0103rea \u00een c\u0103ut\u0103ri\/liste dec\u00e2t dac\u0103 utilizatorul are acces pentru a le vizualiza"
        },
        "724da4546b6908025f8a9fa99885297f": {
            "text": "Not\u0103 API: Aceast\u0103 setare afecteaz\u0103 rezultatele returnate de $pages->find(), $page->children() \u0219i alte func\u021bii care returneaz\u0103 PageArrays."
        },
        "ba9f2559a3fd0e360488de130ff7ab73": {
            "text": "Permite\u021bi accesul legat de editare s\u0103 mo\u0219teneasc\u0103 copiilor?"
        },
        "ef4a1860dd8847a43619b6ca5f26e638": {
            "text": "\u00cen mod implicit, toate set\u0103rile de acces de pe acest \u0219ablon mo\u0219tenesc prin arborele paginii p\u00e2n\u0103 c\u00e2nd o pagin\u0103 care utilizeaz\u0103 un alt \u0219ablon cu acces controlat \u00eel \u00eenlocuie\u0219te."
        },
        "6aee0c8c870a84f930c97c2eb1427c8d": {
            "text": "Alege\u021bi op\u021biunea \"Nu\" aici dac\u0103 dori\u021bi s\u0103 \u00eempiedica\u021bi mo\u0219teniAlege\u021bi op\u021biunea  \"Nu\" aici dac\u0103 dori\u021bi s\u0103 \u00eempiedica\u021bi mo\u0219tenirea accesului legat de editare dincolo de paginile care utilizeaz\u0103 acest \u0219ablon. Accesul la vizualizare va continua s\u0103 mo\u0219teneasc\u0103 \u00een orice mod.rea accesului legat de editare dincolo de paginile care utilizeaz\u0103 acest \u0219ablon. Accesul la vizualizare va continua s\u0103 mo\u0219teneasc\u0103 \u00een orice mod."
        },
        "2678dd0fb63b2adfb38fe14f66d6c6b5": {
            "text": "Permite\u021bi accesului legat de editare s\u0103 mo\u0219teneasc\u0103 copiilor care nu au acces controlat"
        },
        "1dee747820c27fbdc81384045a54c8c3": {
            "text": "Limita\u021bi accesul legat de editare la paginile care utilizeaz\u0103 numai acest \u0219ablon"
        },
        "cd0cf5a5ee30d30f0261238f5875a33b": {
            "text": "\u00cempiedica\u021bi accesul direct la elementele fi\u0219ierelor de\u021binute de paginile care utilizeaz\u0103 acest \u0219ablon?"
        },
        "e29fbd4b3ab93bd36ba02701195f7267": {
            "text": "C\u00e2nd accesul direct la un fi\u0219ier din [u]\/site\/assets\/files\/[\/u] este blocat, ProcessWire poate gestiona livrarea fi\u0219ierului, mai degrab\u0103 dec\u00e2t Apache."
        },
        "f0e7c1fdf80a62ce6751727bdba68f47": {
            "text": "Acest lucru permite controlul accesului la fi\u0219ier \u00een acela\u0219i mod ca \u0219i pagina care \u00eel de\u021bine, folosind \u00een continuare adresa URL a fi\u0219ierului original."
        },
        "cb3c9250730efdee741ff650f807d56a": {
            "text": "Re\u021bine\u021bi c\u0103 este nevoie de mai mult\u0103 sarcin\u0103 pentru a livra un fi\u0219ier \u00een acest fel, a\u0219a c\u0103 alege\u021bi op\u021biunea \u201eDa \u00eentotdeauna\u201d dac\u0103 ave\u021bi nevoie de ea."
        },
        "09af5db524e775b4a1f701ef67479387": {
            "text": "Testa\u021bi \u00eentotdeauna dac\u0103 controlul accesului func\u021bioneaz\u0103 a\u0219a cum v\u0103 a\u0219tepta\u021bi, \u00eencerc\u00e2nd s\u0103 accesa\u021bi fi\u0219ierele protejate din browser."
        },
        "825eaff6cfdbcc09fd32758d056e4742": {
            "text": "Face\u021bi acest lucru atunci c\u00e2nd v\u0103 a\u0219tepta\u021bi s\u0103 ave\u021bi acces (conectat) \u0219i c\u00e2nd nu ave\u021bi (deconectat)."
        },
        "eae07a5d655bbc5b0b66030482669d7b": {
            "text": "(folose\u0219te configura\u021bia la nivelul \u00eentregului site)"
        },
        "60b7601149e4f71061b2518b1fb1369f": {
            "text": "Da c\u00e2nd pagina este nepublicat\u0103, \u00een co\u0219ul de gunoi sau nu este accesibil\u0103 public"
        },
        "d761f031894f4f6b20d02ac34d62daa7": {
            "text": "Da \u00eentotdeauna, indiferent de starea paginii sau de controlul accesului"
        },
        "e91c9dce55b792f0254aeb69ba314f17": {
            "text": "Ce roluri pot accesa paginile folosind acest \u0219ablon (\u0219i cei care mo\u0219tenesc din acesta)?"
        },
        "8b961334d86b2e4afdb29a825b7537f5": {
            "text": "Not\u0103: op\u021biunile de editare\/creare\/ad\u0103ugare sunt dezactivate pentru rolurile care nu au \u00een prezent permisiunea de editare a paginii."
        },
        "13944cf77acdf1b9e49f6383c101ae89": {
            "text": "(toata lumea)"
        },
        "34aeb942ccc5860ae5af2885bf346a5d": {
            "text": "Permisiuni de editare suplimentare \u0219i \u00eenlocuiri"
        },
        "5cd4a0ea4859ae8a1371ded392cfff3b": {
            "text": "Op\u021bional, ad\u0103uga\u021bi sau revoca\u021bi permisiunile atribuite fiec\u0103rui rol atunci c\u00e2nd sunt solicitate pentru o pagin\u0103 care utilizeaz\u0103 acest \u0219ablon (sau mo\u0219tene\u0219te accesul de la acesta)."
        },
        "f0ec91a2ccc29fee4de702e940b186a8": {
            "text": "Op\u021biunile disponibile aici sunt determinate de op\u021biunile dvs. pentru \u201eEdita\u021bi pagini\u201d de mai sus. Ca rezultat, ar trebui s\u0103 salva\u021bi acest \u0219ablon \u0219i s\u0103 reveni\u021bi aici dup\u0103 ce a\u021bi f\u0103cut modific\u0103ri rolurilor cu acces \u201eEdita\u021bi pagini\u201d de mai sus."
        },
        "b50d7f1673d8d8694f84094c093718df": {
            "text": "Op\u021biunile sunt afi\u0219ate \u00een formatul \u201erol: permisiunea\u201d. Pentru o descriere a ceea ce face fiecare permisiune, consulta\u021bi [referin\u021ba permisiunilor](%s)."
        },
        "a1066ecb03f6d2dfa02c658ba45dc08a": {
            "text": "Ad\u0103uga\u021bi permisiuni \u00een func\u021bie de rol"
        },
        "3d7582ad0b178e43f075e25248efdc12": {
            "text": "Revoca\u021bi permisiunile \u00een func\u021bie de rol"
        },
        "211addf77f182a8c4e3b0911eb82e05f": {
            "text": "\u0218ablon \u0219ters"
        },
        "f048d404737b6fafd4849b8cd850e983": {
            "text": "Aten\u021bie, fi\u0219ierul nu exist\u0103"
        },
        "e2cbec4ffca6b29170e0a79d38d2b6dd": {
            "text": "S-a omis redenumirea \u0219ablonului - v\u0103 rug\u0103m s\u0103 completa\u021bi-l dup\u0103 ac\u021biunea curent\u0103."
        },
        "ce79a399cbe0a2128106c428d5f5227c": {
            "text": "\u0218ablon salvat: %s"
        },
        "0ce8e11f27f5cff906b08ff533da5567": {
            "text": "S-a creat o clon\u0103 a \u0219ablonului \u201e%1$s\u201d numit\u0103 \u201e%2$s\u201d."
        },
        "dbb2a9bf7f53894204e7b75a4a323fa2": {
            "text": "Eroare la crearea clon\u0103rii acestui \u0219ablon"
        },
        "1ac66e7a4aef92762b695f5d268e693e": {
            "text": "Au fost redenumite %d c\u0103i de fi\u0219iere de pagin\u0103 pentru op\u021biunea de schimbare a fi\u0219ierelor securizate"
        },
        "06ac19612d34194fee5bcab738cefe62": {
            "text": "Modificarea dvs. la op\u021biunea fi\u0219ierelor securizate va fi aplicat\u0103 pe m\u0103sur\u0103 ce sunt accesate c\u00e2mpurile fi\u0219ier\/imagine de pe fiecare dintre cele %d pagini afectate."
        },
        "b2c26a5234b7fb3fa549883f7c211bd3": {
            "text": "Re\u021bine\u021bi c\u0103 acest lucru poate dura ceva timp. Pentru a aplica tuturor acum, executa\u021bi urm\u0103torul cod API dintr-un fi\u0219ier \u0219ablon:"
        },
        "a9b81f1f8d87e20c79d70ad42cc924e3": {
            "text": "C\u00e2mpuri duplicate de la \u201e%1$s\u201d la \u201e%2$s\u201d"
        },
        "a2b2765c9702ca543cd769b157062377": {
            "text": "C\u00e2mpul \u201e%s\u201d poate s\u0103 nu fie eliminat deoarece este cerut la nivel global de toate grupurile de c\u00e2mpuri"
        },
        "6e82edd479b2b5c07f250031d13a9b92": {
            "text": "Grup de c\u00e2mpuri salvat: %s"
        },
        "fddc330c21a2e3fa08c9af7307dd2046": {
            "text": "C\u00e2mpurile care vor fi \u0219terse"
        },
        "c69da3a709ad376098eb517be436a12b": {
            "text": "A\u021bi solicitat s\u0103 schimba\u021bi Fieldgroup din \u201e%1$s\u201d \u00een \u201e%2$s\u201d."
        },
        "0cd878f5f6c3ecd2d309d74c608cf0e3": {
            "text": "Urm\u0103toarele c\u00e2mpuri vor fi \u0219terse definitiv \u00een paginile care utilizeaz\u0103 acest \u0219ablon:"
        },
        "794ed990b58e042f53c8e1b0f9c48b77": {
            "text": "V\u0103 rug\u0103m s\u0103 confirma\u021bi c\u0103 \u00een\u021belege\u021bi cele de mai sus \u0219i c\u0103 dori\u021bi s\u0103 schimba\u021bi grupul de c\u00e2mp bif\u00e2nd caseta \u0219i trimi\u021b\u00e2nd acest formular."
        },
        "1a1e5b08d1538484177a49ce2168b297": {
            "text": "V\u0103 rug\u0103m s\u0103 confirma\u021bi c\u0103 dori\u021bi s\u0103 schimba\u021bi grupul de c\u00e2mp din \u201e%1$s\u201d \u00een \u201e%2$s\u201d"
        },
        "95faabcca5ce9361cfbbfdac564540a6": {
            "text": "Schimba\u021bi grupul de c\u00e2mpuri pentru \u0219ablon: %s"
        },
        "48a72eabb7f3f13f0d942bb2cdfe9811": {
            "text": "Modificarea grupului de c\u00e2mpuri a fost anulat\u0103"
        },
        "62596dd3b1918d492b97f5945dc8aea8": {
            "text": "S-a schimbat grupul de c\u00e2mpuri de \u0219ablon la: %s"
        },
        "b58b1fada0411080ca80b5199d2e56ce": {
            "text": "Elimina\u021bi c\u00e2mpurile din \u0219ablon: %s"
        },
        "b82a3ccab15c9f7ea79ccae4fb4b7c3a": {
            "text": "Elimina\u021bi c\u00e2mpuri din \u0219ablon"
        },
        "297401f75a53c46e41a44c9d91738f1e": {
            "text": "A\u021bi solicitat s\u0103 elimina\u021bi unul sau mai multe c\u00e2mpuri din \u0219ablon. Astfel, datele asociate c\u00e2mpurilor de mai jos vor fi \u0219terse definitiv. Dac\u0103 c\u00e2mpurile care sunt eliminate con\u021bin o mul\u021bime de date, poate dura timp p\u00e2n\u0103 c\u00e2nd aceast\u0103 opera\u021biune se va finaliza dup\u0103 ce confirma\u021bi \u0219i trimite\u021bi acest formular. V\u0103 rug\u0103m s\u0103 confirma\u021bi c\u0103 \u00een\u021belege\u021bi acest lucru \u0219i c\u0103 dori\u021bi s\u0103 \u0219terge\u021bi c\u00e2mpurile bif\u00e2nd casetele de mai jos."
        },
        "b9b9ac08c6bde335d1b5758d4dfcd1da": {
            "text": "Elimina\u021bi c\u00e2mpul \u201e%1$s\u201d din \u0219ablonul \u201e%2$s\u201d"
        },
        "3617ad2fed81de1357bb35b0459bf8b8": {
            "text": "Acest \u0219ablon nu poate fi redenumit deoarece este un \u0219ablon de sistem"
        },
        "348267a4dada558acc9b2cd1b68ad41e": {
            "text": "S-a redenumit fi\u0219ierul \u0219ablon \u201e%1$s\u201d \u00een \u201e%2$s\u201d"
        },
        "ea24ff7efc7e185e1c6f8d52266fefdc": {
            "text": "Nu se poate redenumi \u201e%1$s\u201d \u00een \u201e%2$s\u201d \u00een directorul \u201e%3$s\u201d. Trebuie s\u0103 redenumi\u021bi manual fi\u0219ierul pe sistemul dvs. de fi\u0219iere."
        },
        "cbb29209ccd6a869e389572e793b1f1b": {
            "text": "Fi\u0219ierul \u0219ablon \u201e%1$s\u201d nu a fost g\u0103sit \u00een directorul \u201e%2$s\u201d. Trebuie s\u0103 redenumi\u021bi manual fi\u0219ierul \u201e%3$s\u201d \u00een \u201e%1$s\u201d pe sistemul dvs. de fi\u0219iere."
        },
        "d40a1614c5e9e10db2d5d9f94a0482bb": {
            "text": "Redenumi\u021bi \u0219ablonul \u201e%1$s\u201d \u00een \u201e%2$s\u201d"
        },
        "f7c1d3ba270aa43fe36e00ee3a1e9718": {
            "text": "V\u0103 rug\u0103m s\u0103 confirma\u021bi c\u0103 dori\u021bi s\u0103 redenumi\u021bi acest \u0219ablon bif\u00e2nd caseta de mai jos."
        },
        "82ae9be0c318ed67592703448c77d4d6": {
            "text": "Fi\u0219ierul \u0219ablon \u201e%s\u201d pare a fi scris, a\u0219a c\u0103 vom \u00eencerca s\u0103-l redenumim c\u00e2nd face\u021bi clic pe Trimitere."
        },
        "df3f89873c6527f24453345a6b7f263f": {
            "text": "Fi\u0219ierul \u0219ablon \u201e%1$s\u201d nu poate fi scris. V\u0103 rug\u0103m s\u0103 redenumi\u021bi acel fi\u0219ier \u00een \u201e%2$s\u201d \u00eenainte de a da clic pe Trimitere."
        },
        "29a2d50c9d90354a16943888d8e700da": {
            "text": "C\u00e2mpul \u201e%1$s\u201d a fost eliminat din \u0219ablonul\/grupul de c\u00e2mpuri \u201e%2$s\u201d"
        },
        "da49c8bb3f9748634bedc77fac9221f9": {
            "text": "S-a ad\u0103ugat c\u00e2mpul \u201e%1$s\u201d la \u0219ablonul\/grupul de c\u00e2mpuri \u201e%2$s\u201d"
        },
        "8b3a3179c770d5cda3e5d38d7eb45ca2": {
            "text": "Selecta\u021bi toate \u0219abloanele care ar trebui s\u0103 aib\u0103 aceast\u0103 etichet\u0103"
        },
        "cb1828d1114a1e3b73c8ffd78723339c": {
            "text": "Afi\u0219a\u021bi ca restr\u00e2ns \u00een lista de \u0219abloane?"
        },
        "cdffd81250dc6c457665e79016900133": {
            "text": "Pentru a \u0219terge aceast\u0103 etichet\u0103, elimina\u021bi toate \u0219abloanele din ea"
        },
        "8958860efca6192ab40af3a1f2e17d48": {
            "text": "S-a ad\u0103ugat eticheta \u201e%1$s\u201d la \u0219ablon: %2$s"
        },
        "7a53b43fab8ccbe670792e7832ef2588": {
            "text": "Removed tag \u201c%1$s\u201d from template: %2$s Eticheta \u201e%1$s\u201d a fost eliminat\u0103 din \u0219ablon: %2$s"
        },
        "b8bda8719893c4a385d4025c60c78ec2": {
            "text": "Etichetele v\u0103 permit s\u0103 crea\u021bi colec\u021bii de \u0219abloane pentru listare."
        },
        "9fc8691fab39cc1433cd39430edb0501": {
            "text": "Adauga eticheta noua"
        },
        "31a0330754505f0778be18e7b4dbc661": {
            "text": "Lista\u021bi \u0219i edita\u021bi \u0219abloanele care controleaz\u0103 rezultatul paginii"
        },
        "b16492fba46029659b0d16ce05bab82f": {
            "text": "Adauga sablon nou"
        },
        "6855bfdf44496210543dabeb8f88a1c0": {
            "text": "Sistem"
        },
        "e08a48beb01151e3dbd6c4b01d14d641": {
            "text": "Arata tot"
        },
        "2da33125162e59b2ff307fb050040ead": {
            "text": "Nume"
        },
        "0934f0c8ef59c46cd3f23477dc242642": {
            "text": "Eticheta"
        },
        "6468942ecc94c202802ee17efdbda184": {
            "text": "Campuri"
        },
        "adc3250d7ccf9a0303cc0b44d70917d6": {
            "text": "Pagini"
        },
        "9aa8f6fc386e155886938a352548a81c": {
            "text": "Modifica"
        },
        "b81ec9ff37dd594fd51bb7b72bc82e34": {
            "text": "Nici un fisier"
        },
        "0630333bf0b09b371182fe756dec526a": {
            "text": "segment URL"
        },
        "289abb71620e21f484c91df47d263eec": {
            "text": "Numar de pagini"
        },
        "a90b5efafea041e94da7fffd2bd530a3": {
            "text": "Bazic"
        },
        "799ef6a367b3b36deb5be25ef8e7c91a": {
            "text": "Acces"
        },
        "0daea515bb26aec31f4e6ebbee953cd7": {
            "text": "Familie"
        },
        "21ddd66d87bebbaaf6bba5319e5b7f97": {
            "text": "URL-uri"
        },
        "323686db2bb70f95c6bedc86d5c3387d": {
            "text": "Fisiere"
        },
        "3be3efa6643b5a3f2af79ace0a5145c4": {
            "text": "Avansat"
        },
        "08b4ed72628b718cbe3158eb2eaf10a2": {
            "text": "Sistem"
        },
        "a698a809093ad1c25ea277ff03ae5fc7": {
            "text": "Actiune"
        },
        "b2a6343356c7cf0f4c1aae50c2cac1b7": {
            "text": "Sterge"
        },
        "d5778a8b84efb3233d070016adb93326": {
            "text": "Salveaza"
        },
        "2a138a3c1a54958a39f65b80e666b643": {
            "text": "Eticheta"
        },
        "2bcb87bddf14231177c0d5a7be879871": {
            "text": "Campuri"
        },
        "c900d3e459e4a6e87b601d950c86a3bb": {
            "text": "Campuri"
        },
        "2b76a5ea71d797b2e9b2b4a0c0eeaf29": {
            "text": "Procache"
        },
        "3050063a3917b13308a0470879b3259f": {
            "text": "Etichet\u0103 pentru fila Con\u021binut"
        },
        "7b5a26bd066cf9716b38372f73408f10": {
            "text": "Fila Etichet\u0103 pentru copii"
        },
        "13138fdee141d39a065f3fe82c0e0676": {
            "text": "Etichet\u0103 pentru proprietatea Nume pagin\u0103"
        },
        "afd2f2d22bac5fd1faf1abf753685366": {
            "text": "Rol"
        },
        "30a75d09489b9f6a393c3885b81ec0b1": {
            "text": "Vizionare Pagini"
        },
        "a42aa7fb5a74afbdcaf92c44bd99bd3c": {
            "text": "Editare Pagini"
        },
        "e431e1335b3c843758bbed8b021eeee9": {
            "text": "Creare pagini"
        },
        "46c22ba22392809d478c6f312de87f62": {
            "text": "Adaugare copii"
        },
        "a7e26a26319b0fc9973181a9d9c1baaa": {
            "text": "Continua"
        },
        "af497bbd8d42241e09e0f593a8550aa3": {
            "text": "Elimina\u021bi c\u00e2mpuri"
        },
        "860024d803b29185e2cb90399cc73599": {
            "text": "Acest \u0219ablon este folosit de %d pagin\u0103"
        },
        "d26c2f7eb253b0202c2769f3dd232d96": {
            "text": "Acest \u0219ablon este folosit de %d pagini"
        },
        "e37f4fc0441c524ee5a89453f12178c8": {
            "text": "Adauga Template"
        },
        "0f12f2b440ad104a1ee7cb027aba8b18": {
            "text": "Adauga Template"
        },
        "9fa7e7b76dafb5ffcb0b9bfbba9a65fd": {
            "text": "%d pagin\u0103"
        },
        "207ab96f9895f87f78f6c6162f323a4f": {
            "text": "%d pagini"
        },
        "14bcc27345b2325a5e492384a734c1aa": {
            "text": "\u0218ablonul este folosit de 1 pagin\u0103"
        },
        "957ba77c721f931f1ad38ed47b98fd0d": {
            "text": "\u0218ablonul este folosit de %d pagini"
        },
        "65f037a0e08b94d9e42932b68c5eaf29": {
            "text": "Grupul de c\u00e2mpuri al acestui \u0219ablon este folosit de alt \u0219ablon"
        },
        "18dec3122ea08276dd94476904bcef7b": {
            "text": "Grupul de c\u00e2mpuri al acestui \u0219ablon este folosit de alte %d \u0219abloane"
        },
        "8ce07bc265e6bec0335b8d17460ff715": {
            "text": "%d c\u00e2mp"
        },
        "f31f5e50313e32f1b8a1d38913e26023": {
            "text": "%d c\u00e2mpuri"
        },
        "363b220544077dba6890921e123486dc": {
            "text": "Eroare la plasarea setului de c\u00e2mpuri\/filei \"%s\" - v\u0103 rug\u0103m s\u0103 remedia\u021bi \u0219i s\u0103 salva\u021bi din nou"
        },
        "7b2365f3c03bbf66c17531b39af975f9": {
            "text": "\u0218ablonul \"%1$s\" a fost redenumit \u00een \"%2$s\""
        }
    }
}