{
    "file": "wire\/modules\/Inputfield\/InputfieldPageTitle\/InputfieldPageTitle.module",
    "textdomain": "wire--modules--inputfield--inputfieldpagetitle--inputfieldpagetitle-module",
    "translations": {
        "2864512e4161ae21b145798e32938abf": {
            "text": "Titlul paginii"
        },
        "dc643f0a55e724a742f7bcc43fa5b84e": {
            "text": "Gestioneaz\u0103 introducerea titlului paginii \u0219i generarea automat\u0103 a numelui paginii (dac\u0103 este gol)"
        }
    }
}