{
    "file": "wire\/modules\/Fieldtype\/FieldtypeToggle.module",
    "textdomain": "wire--modules--fieldtype--fieldtypetoggle-module",
    "translations": {
        "261e3b04ea1f3b5603314ddcc479e0cc": {
            "text": "Care dori\u021bi s\u0103 fie valoarea formatat\u0103 a c\u00e2mpului dvs. de comutare?"
        },
        "6309837e6ce0a3f0fa946345c7167eb3": {
            "text": "Selecta\u021bi valoarea formatat\u0103 returnat\u0103 de %s."
        },
        "be626e72635b0ea8fbdafa5d3028fcb4": {
            "text": "Consulta\u021bi \u0219i fila \u201eIntroducere\u201d pentru toate celelalte set\u0103ri ale c\u00e2mpului Comutare."
        },
        "f94e479441f41c15b899438240ca67d1": {
            "text": "Pentru toate cele de mai sus, lipsa selec\u021biei este \u00eentotdeauna reprezentat\u0103 de un \u0219ir gol."
        },
        "fa3b8249dcb2b9a523c69ba62614753f": {
            "text": "Dac\u0103 o a treia\/alt\u0103 op\u021biune este activat\u0103, aceasta este reprezentat\u0103 de num\u0103rul \u00eentreg 2."
        },
        "5e17d8d5bf6e642f015706c44be5b32c": {
            "text": "C\u00e2nd formatarea de ie\u0219ire a unei pagini este dezactivat\u0103, valoarea este \u00eentotdeauna un \u00eentreg 0, 1, 2 (pentru Nu, Da, Altul) sau un \u0219ir gol c\u00e2nd nu exist\u0103 selec\u021bie."
        },
        "3826ef10fef22663ed856d6a34ae4991": {
            "text": "Num\u0103r \u00eentreg: 0=nu, 1=da (la fel ca f\u0103r\u0103 formatare)."
        },
        "e4233a81c5260370b0c97ab1ee5364ba": {
            "text": "Boolean: adev\u0103rat sau fals pentru st\u0103rile da\/nu."
        },
        "53559d654a38f34b067b188cde584853": {
            "text": "String: utiliza\u021bi etichete de text configurate cu set\u0103rile \u201eInput\u201d."
        },
        "047f245cdf987a38461e1a12559ff71a": {
            "text": "Entit\u0103\u021bi: la fel ca mai sus (string), dar entitate codificat\u0103 pentru ie\u0219ire HTML."
        },
        "87947648d1451650784ef832cbdc0983": {
            "text": "Comutare (Da\/Nu)"
        },
        "ed4f448d518712aadb3a62be1b48236e": {
            "text": "Alternativ\u0103 configurabil\u0103 da\/nu, activare\/dezactivare la o caset\u0103 de selectare, plus op\u021biunea op\u021bional\u0103 \u201ealtul\u201d."
        }
    }
}