{
    "file": "wire\/modules\/PageRender.module",
    "textdomain": "wire--modules--pagerender-module",
    "translations": {
        "3a160df105e3d9d54575466354bdd312": {
            "text": "Redarea paginii"
        },
        "d2c5ea4202c4c692852b7e10fbceabd3": {
            "text": "Ad\u0103uga\u021bi metoda de redare la pagin\u0103 \u0219i salva\u021bi rezultatul \u00een cache."
        },
        "22a38306ce7556a0a5eeebca65cd9b58": {
            "text": "Cache-ul paginii a expirat pentru \u00eentregul site"
        },
        "b091c65f589c970f6084669796efb995": {
            "text": "Fi\u0219ierul cache a fost \u0219ters: %s"
        },
        "af4137a5254dfe8654d87ff05286b80e": {
            "text": "Fi\u0219ierul cache a fost \u0219ters:"
        },
        "f3fbe32b9b2f8a4b6b3eecc5084e999c": {
            "text": "S-a golit fi\u0219ierul cache pentru %d pagini"
        },
        "403c89515b16b3417cd2e426612b4a53": {
            "text": "S-au \u0219ters %d fi\u0219iere cache pentru %d pagini"
        },
        "0c22fad509c478c3442a310a7a2b2c52": {
            "text": "Goli\u021bi memoria cache a discului pentru randarea paginii?"
        },
        "b4999a543edcfefc8c56ed6eafdcb98f": {
            "text": "\u00cen prezent, exist\u0103 %d pagini stocate \u00een cache \u00een %s"
        }
    }
}