{
    "file": "wire\/modules\/Fieldtype\/FieldtypeComments\/InputfieldCommentsAdmin.module",
    "textdomain": "wire--modules--fieldtype--fieldtypecomments--inputfieldcommentsadmin-module",
    "translations": {
        "f2a6c498fb90ee345d997f888fce3b18": {
            "text": "Elimina"
        },
        "97154f7c3d4195084cbcb58bc5357c7a": {
            "text": "Comentariu #%d (%s)"
        },
        "077821dbbc7b778e3fccdb71e1f8cda3": {
            "text": "Toate comentariile noi"
        },
        "a2c889314eecccf6704dd2427f12b478": {
            "text": "Doar raspunsuri"
        },
        "88559a0cfd8250c9d65970cc145c92d4": {
            "text": "="
        },
        "5150f466372999feb1c31b868e087dfc": {
            "text": "Spamul este \u0219ters automat dup\u0103 perioada de timp specificat\u0103 \u00een configura\u021bia c\u00e2mpului."
        },
        "193a4762fa2301d6e5d9fac2730dbe71": {
            "text": "Acest articol este \u00een a\u0219teptarea aprob\u0103rii sau \u0219tergerii."
        },
        "95742f3daaebcf075ad53961b11fc0dd": {
            "text": "Comentariu #%1$d postat %2$s da %3$s"
        },
        "ec53a8c4f07baed5d8825072c89799be": {
            "text": "Stare"
        },
        "84c4dfc8fccf9350a9610e366ae769a5": {
            "text": "Raspunde la"
        },
        "6f9e04c43332fd4945f2c933c8eea611": {
            "text": "Citat"
        },
        "082e55a73f10496681c84231dc1c88f7": {
            "text": "="
        },
        "15bbb9d0bbf25e8d2978de1168c749dc": {
            "text": "="
        },
        "d37c550d781bfb93b0088a2470598bcf": {
            "text": "Stele"
        },
        "9dffbf69ffba8bc38bc4e01abf4b1675": {
            "text": "Test"
        },
        "8922ee2d287d6d1cad3fd33f6341f512": {
            "text": "Notificari email:"
        },
        "ece9015e4facb7c419ce80abecfd6852": {
            "text": "In prezent, nu sunt elemente de afisat."
        },
        "dea78eecface40ce1489d1acdc31eae4": {
            "text": "Comentariul a fost eliminat #%d"
        },
        "58b6f822b062991647cf2e70b0140352": {
            "text": "S-au schimbat %s pentru comentariu #%d"
        },
        "4da50726e74180c03ab1cfe637bb590b": {
            "text": "Administrarea comentariilor"
        },
        "9e1775dd11710f1858dc1f9c21174ec8": {
            "text": "Ofer\u0103 o interfa\u021b\u0103 de administrare pentru gestionarea comentariilor"
        },
        "a12b241da69948907eecb3786cedc5a3": {
            "text": "Aprobat"
        },
        "af4a8ef24b938b7857109b49e38c8969": {
            "text": "Im asteptare"
        },
        "39ef1e97d0b7fa0510cd93cd5f2cf99b": {
            "text": "="
        },
        "0cdfb8480c1dfe5241c042249c4d9fae": {
            "text": "Recomandate"
        }
    }
}