{
    "file": "wire\/core\/Fieldgroups.php",
    "textdomain": "wire--core--fieldgroups-php",
    "translations": {
        "abce719a5ff28157e0e92337d8dcf8bd": {
            "text": "Impossibile trovare il campo: %s"
        },
        "f1d3c736f589a82f1519c711fd4123c0": {
            "text": "Câmpul nu a putut fi găsit: %s"
        },
        "fdd1e49a5de74a22586acf7420fcbd8d": {
            "text": "Atentie, toate datele din aceste campuri vor fi sterse definitiv (confirmare): %s"
        }
    }
}