{
    "file": "wire\/modules\/Process\/ProcessPageList\/ProcessPageListActions.php",
    "textdomain": "wire--modules--process--processpagelist--processpagelistactions-php",
    "translations": {
        "9e2e4fbd398b11af3aabb1866bbb3e25": {
            "text": "Ac\u021biunile sunt dezactivate \u00een modul demo"
        },
        "9b9d8a976b42e0bd66381797644943d5": {
            "text": "Pubblicata"
        },
        "0774e163cd7df482edd2abd498189f8b": {
            "text": "Ne Pubblicata"
        },
        "49db9a5bceddadc8512acb4b336c7464": {
            "text": "Ascunsa"
        },
        "02ac38291d7be8fb1f41d85c0a428d11": {
            "text": "Visibila"
        },
        "d0f2e5376298c880665077b565ffd7dd": {
            "text": "Blocata"
        },
        "c76fd517e45cc95709f4ac106efa4a94": {
            "text": "Deblocat"
        },
        "e708704f405b4a6ec4d57cb147ea9b91": {
            "text": "Str\u00e2ns la gunoi"
        },
        "5de66daea41e791a26f6b495ad1fc3b0": {
            "text": "Restaurat la: %s (re\u00eencarc\u0103 pentru a vedea)"
        },
        "b0af6f1b4969f0f41389c860f006ca6f": {
            "text": "Eroare la executare: %s"
        }
    }
}