{
    "file": "wire\/modules\/Fieldtype\/FieldtypeText.module",
    "textdomain": "wire--modules--fieldtype--fieldtypetext-module",
    "translations": {
        "ed0f8be4615cf14dc76c1bb2629edf41": {
            "text": "Pentru c\u00e2mpurile de text care nu trebuie s\u0103 con\u021bin\u0103 HTML sau markup, v\u0103 recomand\u0103m s\u0103 alege\u021bi op\u021biunea**HTML Entity Encoder**"
        },
        "d8519baaabde7d5b04b001afff86b1c9": {
            "text": "Set\u0103ri text"
        },
        "41d534244071f567ec8887353f125f86": {
            "text": "Text formatters"
        },
        "9bf6e7e02fcf9320c882455021560f5b": {
            "text": "If you want to apply any automatic formatting to the field when it is prepared for output, select one or more text formatters here."
        },
        "8b77c2ae8c7851a0bbc6c4a7914815c2": {
            "text": "Dac\u0103 selecta\u021bi mai multe, trage\u021bi-le \u00een ordinea \u00een care ar trebui s\u0103 fie aplicate."
        },
        "7c09c7fa6cd2ade15be9247528c4d4e9": {
            "text": "G\u0103si\u021bi mai multe \u00een directorul modulelor de formatare de text."
        },
        "7a1920d61156abc05a60135aefe8bc67": {
            "text": "Mod implicit"
        },
        "8642da31c9c6a7ef78514cac2276dac9": {
            "text": "Modul de intrare"
        },
        "9f66b905cac6adfee97389b0d11b2db2": {
            "text": "Salva\u021bi dup\u0103 modificarea acestui lucru, deoarece poate afecta set\u0103rile disponibile \u00een \u201cInput\u201d tab."
        },
        "9dffbf69ffba8bc38bc4e01abf4b1675": {
            "text": "Text"
        }
    }
}