{
    "file": "wire\/modules\/Process\/ProcessPageSearch\/ProcessPageSearchLive.php",
    "textdomain": "wire--modules--process--processpagesearch--processpagesearchlive-php",
    "translations": {
        "2c44229630ad7e2758a89bd14435a31b": {
            "text": "Nu a fost specificat\u0103 nicio c\u0103utare"
        },
        "453aceb005ceaf54a47da15fee8b2a26": {
            "text": "Pagini"
        },
        "a7e253cd8dd95da3e20daf45519a8dc2": {
            "text": "Cos de gunoi"
        },
        "bf17ac149e2e7a530c677e9bd51d3fd2": {
            "text": "Module"
        },
        "d8d7ad6abfd08c27baa8bedb78c72ddb": {
            "text": "Vezi tot"
        },
        "32df01b9cf0491a879250b58ba2744ba": {
            "text": "Rezultatele cautarii"
        },
        "945331eb8feee661c7a01a7da50e7e7e": {
            "text": "sau orice nume de c\u00e2mp"
        },
        "098f6bcd4621d373cade4e832627b4f6": {
            "text": "testare"
        },
        "9da4c632d92b0a319e8e963f8b7dd19f": {
            "text": "Caut\u0103 %1$s pentru: %2$s"
        },
        "0c79bedd451ec4becdb006eabf461f3b": {
            "text": "Caut\u0103 proprietatea \"%1$s\" a %2$s pentru: %3$s"
        },
        "aa22617dfe85dc625769bb90cf1edc82": {
            "text": "exemplele folosesc operatorul \"=\" egal."
        },
        "9b39d6b66fd46b375480103f46850760": {
            "text": "\u00cen unele cazuri, pute\u021bi utiliza \u0219i acestea:"
        },
        "3e31303f6c94d429ef522d10a2d421d8": {
            "text": "opratori"
        },
        "e2d5a00791bce9a01f99bc6fd613a39d": {
            "text": "configurare"
        },
        "64a16c6ab0b0e6113aa92f7f6d40410b": {
            "text": "Face\u021bi clic aici pentru a configura set\u0103rile de c\u0103utare"
        },
        "b7208f6d5abab822d6ab05b1016d409a": {
            "text": "La fel ca mai sus (sintax\u0103 mai scurt\u0103 dac\u0103 nu se ciocnesc nume)"
        },
        "963e1f84e80d24245a65e61120d9d212": {
            "text": "Limita\u021bi rezultatele la \u0219ablon: %s"
        },
        "29a251084e8675a8d52d945e2f58d726": {
            "text": "Limita\u021bi rezultatele la c\u00e2mpul %s din \u0219ablon"
        },
        "bd42869f654344076a72479ecdb1d45f": {
            "text": "G\u0103si\u021bi \u0219abloane care au c\u00e2mpul: %s"
        },
        "173512440f350caacc754ddd1a392b71": {
            "text": "G\u0103si\u021bi c\u00e2mpuri cu \"ckeditor\" \u00een set\u0103ri"
        },
        "1624b2059f3271b1213456999221e2df": {
            "text": "(treceti cu mouse-ul pentru mai multe)"
        },
        "d6b75fe82918572d3828601219286147": {
            "text": "Exemplele folosesc proprietatea \"%s\""
        },
        "c3f4f45cbebefe1b25a8c7965516a79b": {
            "text": "De asemenea, pute\u021bi utiliza oricare dintre aceste propriet\u0103\u021bi:"
        },
        "74693d2fc58b46bd06410f278e39aa71": {
            "text": "proprietati"
        },
        "627b11fa495dc928e31ab76310d934f9": {
            "text": "%s ajutor"
        },
        "cf1e3d72714f82f85aa7f326af340459": {
            "text": "%d articole"
        }
    }
}