{
    "file": "wire\/modules\/Fieldtype\/FieldtypeFloat.module",
    "textdomain": "wire--modules--fieldtype--fieldtypefloat-module",
    "translations": {
        "211efcb1aa9b0567969d0ce5a18d850c": {
            "text": "Num\u0103rul de zecimale de rotunjit"
        },
        "22ae0e2b89e5e3d477f988cc36d3272b": {
            "text": "Virgula pentru zecimale"
        },
        "21ddca6ecb798f48a109c2289ff413ec": {
            "text": "C\u00e2mp care stocheaz\u0103 un num\u0103r \u00een virgul\u0103 mobil\u0103"
        }
    }
}