{
    "file": "wire\/modules\/Fieldtype\/FieldtypeSelector.module",
    "textdomain": "wire--modules--fieldtype--fieldtypeselector-module",
    "translations": {
        "edcca7404d60fa39e1e56bbb6c85c519": {
            "text": "Valoarea ini\u021bial\u0103 a Selectorului"
        },
        "7705e5655113c7b4e5b224010ac7af38": {
            "text": "Introduce\u021bi un \u0219ir de \u00eenceput pentru selector care va fi folosit ca punct de plecare pentru orice selector generat din acest c\u00e2mp. Toate paginile care se potrivesc cu selectorul vor fi asociate cu selectorul pe care l-a\u021bi introdus."
        },
        "4795bb99893dc26981eb889746b21499": {
            "text": "Exemplu: template=product"
        }
    }
}