{
    "file": "wire\/modules\/Fieldtype\/FieldtypeTextareaHelper.php",
    "textdomain": "wire--modules--fieldtype--fieldtypetextareahelper-php",
    "translations": {
        "00f6c76a7a83b1d7aab61a93e513e9d5": {
            "text": "Tip c\u00e2mp de intrare"
        },
        "2effa58f13159d138a634233e246713d": {
            "text": "Continut Tip"
        },
        "a9b2702617bab3152e6c7018a2285a92": {
            "text": "Necunoscut\/Text"
        },
        "d337592463bb66726521716a080b78da": {
            "text": "Op\u021biunea [u]Markup\/HTML[\/u] este recomandat\u0103 pentru c\u00e2mpurile care utilizeaz\u0103 editori de text \u00eembog\u0103\u021bit (cum ar fi CKEditor) \u0219i pentru cele care con\u021bin HTML. Ofer\u0103 filtrare suplimentar\u0103 a verific\u0103rilor de rulare pentru asigurarea calit\u0103\u021bii."
        },
        "0601bf716a208a7476c5f97c040fc44c": {
            "text": "Dac\u0103 selecta\u021bi op\u021biunea [u]Unknown\/Text[\/u], este recomandat [pentru securitate] s\u0103 selecta\u021bi \u0219i \u201eHTML Entity Encoder\u201d \u00een c\u00e2mpul [u]Text Formatters[\/u] de mai sus."
        },
        "f49044eb0f5ff823c157a2feedf2b9f8": {
            "text": "Pentru mai multe informa\u021bii despre op\u021biunile de mai sus, consulta\u021bi descrierea op\u021biunilor de tip de con\u021binut."
        },
        "2addde1795e171e77196f84ba88dbcbf": {
            "text": "Optiuni HTML"
        },
        "22f8b4c1c9e9fb845bebab08141575db": {
            "text": "Urm\u0103toarele op\u021biuni ofer\u0103 o asigurare suplimentar\u0103 a calit\u0103\u021bii pentru HTML \u00een timpul execu\u021biei."
        },
        "6691dadd4bc16c7d23fee64a309e2eaa": {
            "text": "Not\u0103: aceste op\u021biuni sunt \u00een prezent experimentale. V\u0103 rug\u0103m s\u0103 urm\u0103ri\u021bi problemele \u0219i s\u0103 raporta\u021bi eventualele erori."
        },
        "8985f62bfdbc5d278d07342bc4a7f5c2": {
            "text": "Op\u021biunile de mai sus \u00eenregistreaz\u0103 erori la Setup > Logs > markup-qa-errors."
        },
        "4518ac1588b93d4b89d45741c610a3f5": {
            "text": "Abstrac\u021bia link-ului:"
        },
        "9bf757dce49f1b058b55e0234e5b422a": {
            "text": "Actualiza\u021bi automat atributele href c\u00e2nd se modific\u0103 leg\u0103turile interne"
        },
        "1721f5bf2ec99fbb54f5ff6cea84968c": {
            "text": "Actualiza\u021bi atributele alt imaginii:"
        },
        "e18d0ae0d4d738e2afb687643527b107": {
            "text": "\u00cenlocui\u021bi atributele alt necompletate cu descrierea imaginii"
        },
        "87b47dca906c93d9e1a035e8d14e6e95": {
            "text": "Remedia\u021bi imaginile rupte:"
        },
        "1d88fc19dbd058dc84585c30ab49b306": {
            "text": "Elimina\u021bi etichetele img care ar avea ca rezultat un 404 sau recrea\u021bi imagini atunci c\u00e2nd este posibil"
        },
        "3b51a8c40e3436386b687d45ddb5f836": {
            "text": "Control acces la imagini:"
        },
        "4d1e0f588db26c2678b311717d9d5c65": {
            "text": "Elimina\u021bi imaginile din marcaj la care utilizatorul nu are acces la vizualizare"
        },
        "8ab4f511bd5b2971beecbe09b1462818": {
            "text": "Aplica\u021bi op\u021biunile HTML acum"
        },
        "5fe0528e0c4b792b394749289ad392f1": {
            "text": "Pentru a aplica op\u021biunile de mai sus la toate paginile existente chiar acum, bifa\u021bi aceast\u0103 caset\u0103. Aceasta se concentreaz\u0103 \u00een primul r\u00e2nd pe op\u021biunea de abstractizare a leg\u0103turii."
        },
        "7b4f1bb8cb43086b5d5f3b850d06a6c3": {
            "text": "Aten\u021bie, aceasta efectueaz\u0103 o actualizare pe poten\u021bial sute de pagini (maximum 300 per rulare) \u0219i actualizeaz\u0103 orele de modificare a paginii. Dac\u0103 site-ul dvs. are multe pagini, poate fi necesar s\u0103 rula\u021bi acest lucru de mai multe ori."
        },
        "d9acd327c0ee998a16c85324936d214d": {
            "text": "Ca m\u0103sur\u0103 suplimentar\u0103 de precau\u021bie, se recomand\u0103 s\u0103 face\u021bi o copie de rezerv\u0103 a bazei de date \u00eenainte de a rula aceasta."
        },
        "0f754c670b9d8c02b22eaeebd630181e": {
            "text": "Se pare c\u0103 am terminat! Op\u021biunile HTML sunt acum aplicate pe deplin."
        },
        "2029a900eb62eecaaf188a654c2c084d": {
            "text": "Actualiz\u0103rile viitoare vor fi aplicate automat c\u00e2nd fiecare pagin\u0103 este salvat\u0103."
        },
        "4b9ad9f31022ef1c2c6d202da55a0365": {
            "text": "Mai sunt mai multe pagini de aplicat. Bifa\u021bi din nou caseta pentru a aplica paginile r\u0103mase."
        },
        "2c1df5375d9f20282b3df677f8a4bc0c": {
            "text": "Trebuie s\u0103 aplica\u021bi mai multe pagini simultan? Pute\u021bi ad\u0103uga o setare %s la fi\u0219ierul dvs. \/site\/config.php."
        },
        "d4705c271d7e1e75a05e9b6236ad836c": {
            "text": "(vezi %s log)"
        },
        "d53200ec5949152baffbeed6c4d58966": {
            "text": "S-au actualizat %1$d din %2$d pagini pentru op\u021biuni HTML."
        },
        "8a64cae4f29b541d3e532599d513e04e": {
            "text": "Rezumat privind asigurarea calit\u0103\u021bii marcaj\/HTML:"
        },
        "7b538279515341a88a5fcfb4197111f6": {
            "text": "Alte op\u021biuni HTML sunt aplicate \u00een timpul execu\u021biei."
        },
        "9b039b000924bae6bb0977867cc455a0": {
            "text": "%d etichete externe a[href]."
        },
        "211db397a32350b16b977f65a9acada6": {
            "text": "%d etichete locale a[href]."
        },
        "bb83c854fd76ba88b57f700280e65291": {
            "text": "%d etichete locale a[href]."
        },
        "52b8044e625821dcc4f2002c70f05881": {
            "text": "%d referin\u021be la fi\u0219iere\/activ"
        },
        "b49218c47bb7e184c12776471a865612": {
            "text": "%d etichete relative a[href] actualizate"
        },
        "84a543e559f6e8ae86ba9ca203f6c57f": {
            "text": "%d etichete locale a[href] non-pagin\u0103\/nerecunoscute"
        },
        "2fb3cb1dbd223aca0a255df639afabb1": {
            "text": "%d link-uri non-http a[href] precum mailto, tel etc."
        },
        "a0b71249600398fd6f497273a8fbd0c6": {
            "text": "%d etichete a[href] nerezolvate"
        },
        "9a2c2c21237a6938a98824b3993a9623": {
            "text": "%d etichete locale img[src]."
        },
        "1207ad89efff06ef7ff663d9b3a61af4": {
            "text": "%d etichete img[src] nerezolvate"
        },
        "29cf35e7a0357a5a759b715afbcfa857": {
            "text": "%d etichete img[src] nerezolvate \u0219i remediate"
        },
        "127852afa67b41673ab8ea17b383847c": {
            "text": "Tipul de c\u00e2mp care va fi folosit pentru a colecta input (Textarea este implicit). Re\u021bine\u021bi c\u0103 dac\u0103 modifica\u021bi acest lucru \u0219i trimite\u021bi, op\u021biunile de configurare disponibile \u00een sec\u021biunea filei \u201einput\u201d se pot schimba."
        },
        "bf488dca57621015b17e715b49053f72": {
            "text": "%d etichete img[alt] necompletate \u00een timpul execu\u021biei"
        }
    }
}