{
    "file": "wire\/modules\/Inputfield\/InputfieldFloat.module",
    "textdomain": "wire--modules--inputfield--inputfieldfloat-module",
    "translations": {
        "22ae0e2b89e5e3d477f988cc36d3272b": {
            "text": "Float"
        },
        "7de752758d9c197324e94fd4a993f9d2": {
            "text": "Num\u0103r cu virgul\u0103 mobil\u0103 pentru precizie"
        },
        "211efcb1aa9b0567969d0ce5a18d850c": {
            "text": "Num\u0103rul de cifre zecimale de rotunjit la"
        }
    }
}