{
    "file": "wire\/modules\/Process\/ProcessForgotPassword\/ProcessForgotPassword.module",
    "textdomain": "wire--modules--process--processforgotpassword--processforgotpassword-module",
    "translations": {
        "333b348fd95607678f8a9a333cc7b7b4": {
            "text": "Informa\u021bii despre resetarea parolei"
        },
        "b49caf114ce87eeb21267f29e9a62420": {
            "text": "Nu se poate finaliza resetarea parolei. V\u0103 rug\u0103m s\u0103 v\u0103 asigura\u021bi c\u0103 v\u0103 afla\u021bi pe acela\u0219i computer \u0219i \u00een acela\u0219i browser web de la care a\u021bi trimis ini\u021bial solicitarea."
        },
        "93d644963a650f21fed9cf78bb79aefa": {
            "text": "Resetarea parolei nu este disponibil\u0103 temporar. V\u0103 rug\u0103m s\u0103 \u00eencerca\u021bi din nou mai t\u00e2rziu sau s\u0103 contacta\u021bi administratorul."
        },
        "6072e83b7f35887c76e64920bd370f4a": {
            "text": "Resetare parola"
        },
        "5b69044da7774b93059c878056e1c28a": {
            "text": "Introduce\u021bi numele de utilizator"
        },
        "dcfc149491f06edb3e6942510b6fc339": {
            "text": "Dac\u0103 ave\u021bi un cont \u00een sistemul nostru cu o adres\u0103 de e-mail valid\u0103, v\u0103 va fi trimis un e-mail dup\u0103 ce trimite\u021bi acest formular. Acel e-mail va con\u021bine un link pe care pute\u021bi face clic pentru a v\u0103 reseta parola."
        },
        "39ce57ab909352a15ed22c42d8bf2db5": {
            "text": "Exist\u0103 mai multe conturi cu acest e-mail, a\u0219a c\u0103 nu este posibil\u0103 resetarea parolei."
        },
        "8b0f10bdaf3afb56f2dd166bbbb4e190": {
            "text": "V\u0103 rug\u0103m s\u0103 contacta\u021bi administratorul pentru a v\u0103 reseta parola."
        },
        "7db90261f25e9e387ac28f85a67e61cd": {
            "text": "Utilizatorul nu are permisiunea de a reseta parola."
        },
        "edcc4a7ecb7854d0ea84fff05b5eeb3e": {
            "text": "Presupun\u00e2nd c\u0103 informa\u021biile contului dvs. au fost g\u0103site \u0219i avem o adres\u0103 de e-mail \u00eenregistrat\u0103, a fost trimis un e-mail cu informa\u021bii despre resetarea parolei."
        },
        "43da6233b07fcc59791c3f91861ab7b5": {
            "text": "V\u0103 rug\u0103m s\u0103 v\u0103 verifica\u021bi e-mailul pentru acest mesaj. Dac\u0103 nu primi\u021bi un e-mail \u00een urm\u0103toarele 15 minute, v\u0103 rug\u0103m s\u0103 contacta\u021bi administratorul site-ului pentru a v\u0103 reseta parola. Aceast\u0103 solicitare de resetare a parolei va expira \u00een 60 de minute. NU \u00eenchide\u021bi aceast\u0103 fereastr\u0103 p\u00e2n\u0103 c\u00e2nd nu finaliza\u021bi solicitarea de resetare a parolei."
        },
        "9d7356832e30137fa56cc06f823a8de6": {
            "text": "Din motive de securitate, nu dezv\u0103luim dac\u0103 exist\u0103 un cont pe acest ecran."
        },
        "27f1d003b3e26b68158df1930deb4501": {
            "text": "Codul dvs. de verificare este: %s"
        },
        "6d14491a1718796766f2775f857af701": {
            "text": "Pentru a finaliza resetarea parolei, face\u021bi clic pe adresa URL de mai jos (sau insera\u021bi \u00een browser) \u0219i urma\u021bi instruc\u021biunile:"
        },
        "486d7b5670a666148f3fef85bc3ae900": {
            "text": "Aceast\u0103 adres\u0103 URL va expira la 60 de minute de la trimitere. Aceast\u0103 adres\u0103 URL trebuie deschis\u0103 de pe acela\u0219i computer \u0219i browser de pe care a fost ini\u021biat\u0103 solicitarea."
        },
        "1f608932e66b86ace4789d74fd3979b8": {
            "text": "A\u021bi solicitat o resetare a parolei pentru contul dvs. la %s."
        },
        "5e7e3a0c4a67fc08cde6a2e8a7a8136e": {
            "text": "Sistemul nu poate finaliza aceast\u0103 solicitare din motivele enumerate mai jos:"
        },
        "57b0380c7885e84ff8106ecb65e4fc1b": {
            "text": "V\u0103 rug\u0103m s\u0103 contacta\u021bi administratorul pentru asisten\u021b\u0103 pentru conectarea la contul dvs. \u0219i\/sau schimbarea parolei."
        },
        "3299941fe3475a594847754b9e91f3b7": {
            "text": "Solicitare de resetare nevalid\u0103. Este posibil ca cererea dvs. s\u0103 fi expirat."
        },
        "dfcbc97f1d21b9867e68fa7179492c4c": {
            "text": "Cod de verificare"
        },
        "3d6a2212b6d337ac823402be7a0ddf14": {
            "text": "V\u0103 rug\u0103m s\u0103 introduce\u021bi sau s\u0103 insera\u021bi codul primit \u00een e-mail."
        },
        "4f9d3bd4f4eba4b2d86610f6607d8337": {
            "text": "Resetarea parolei necesit\u0103, de asemenea, s\u0103 confirma\u021bi valoarea corect\u0103 a acestui c\u00e2mp."
        },
        "056f743a15c1503de0d4ae9c8cd9d2c9": {
            "text": "Num\u0103rul maxim de \u00eencerc\u0103ri permise pentru acest formular a fost dep\u0103\u0219it."
        },
        "fa36cf545b5a1afc0b89876b6e459d4a": {
            "text": "Cod de verificare incorect"
        },
        "8c89c9f8eed88a5efbf7b8f1339b67e1": {
            "text": "Valoarea introdus\u0103 nu a fost corect\u0103"
        },
        "f469dd0000597b66060ea51c52eacf58": {
            "text": "Parola dvs. a fost resetat\u0103 cu succes. Acum v\u0103 pute\u021bi autentifica."
        },
        "ebd47983e20da3bcd0ce16754a5c6f71": {
            "text": "Nu se poate finaliza acest pas"
        },
        "ee668afb3022f7a04020a4355995df08": {
            "text": "Utilizatorul nu exista"
        },
        "8857e76b64aa5af97292f6c118a98b9c": {
            "text": "Utilizatorul nu are o adres\u0103 de e-mail definit\u0103"
        },
        "891c900c62b339df9b69affb01964463": {
            "text": "Utilizatorul este nepublicat"
        },
        "ba3f28cb2b509ffc12d364936e935bf9": {
            "text": "Utilizatorului nu i se permite s\u0103 se autentifice \u00een func\u021bie de configura\u021bia site-ului"
        },
        "32e309a22f3c85df6347452a10154dd1": {
            "text": "Utilizatorul nu are un rol acceptat pentru resetarea parolei."
        },
        "96562ea782788ab326b91826c455a545": {
            "text": "Utilizatorul are un rol care nu accept\u0103 resetarea parolei."
        },
        "3f2c45a7cbacb890f17f482d6d578a46": {
            "text": "A fost atins\u0103 cantitatea maxim\u0103 de \u00eencerc\u0103ri, v\u0103 rug\u0103m s\u0103 \u00eencerca\u021bi din nou mai t\u00e2rziu."
        },
        "a0bfb8e59e6c13fc8d990781f77694fe": {
            "text": "Continua"
        },
        "f53d1cd25e03173ba9eaa4e493636769": {
            "text": "(optional)"
        },
        "b005fe2d6e74b5c6108864e9abb089af": {
            "text": "Adres\u0103 de e-mail de la care trimite\u021bi mesaje"
        },
        "f300f19956910a5c8e07e7fc38ad5996": {
            "text": "Folosi\u021bi e-mailul mai degrab\u0103 dec\u00e2t numele de utilizator"
        },
        "b7f87835e4ded82dbf88a8a45660e8b5": {
            "text": "C\u00e2nd este bifat\u0103, utilizatorului i se va cere adresa de e-mail pentru a-\u0219i reseta parola, mai degrab\u0103 dec\u00e2t numele de utilizator."
        },
        "4cc2145f15c928792509a932023d7d16": {
            "text": "Dac\u0103 adresa de e-mail este utilizat\u0103 de mai multe conturi, resetarea parolelor nu este posibil\u0103 pentru acele conturi."
        },
        "baf67737db6267fe171e5c02e11bc750": {
            "text": "Not\u0103: modulul ProcessLogin va seta acest lucru automat \u00een timpul execu\u021biei atunci c\u00e2nd este configurat pentru a utiliza autentificarea prin e-mail."
        },
        "2f9fd9ee1ca0d1b1bf29cf5ac02fb6d8": {
            "text": "Num\u0103rul maxim de solicit\u0103ri de resetare a parolei pe adres\u0103 IP sau sesiune"
        },
        "8d2af70b99487af66a77693183fa222e": {
            "text": "Folosi\u021bi aceast\u0103 op\u021biune pentru a \u00eempiedica aceea\u0219i adres\u0103 IP sau sesiune s\u0103 inunde cererile de resetare."
        },
        "d7b00f56bd4aa8c7b1d307f893f3691d": {
            "text": "Specifica\u021bi 0 pentru a dezactiva."
        },
        "87797341d99969f5087a0604d689f724": {
            "text": "\u00cenregistra\u021bi activitatea?"
        },
        "b78dc56eded90f2f7dc3efe53843c7df": {
            "text": "C\u00e2nd este activat\u0103, cererile de resetare a parolei vor fi \u00eenregistrate."
        },
        "7cd3b77b8a690863feb890675526b5fb": {
            "text": "Vizualiza\u021bi jurnalul"
        },
        "2b76ca42e9a49dabc2d47d1c0125a58c": {
            "text": "Confirma\u021bi valorile c\u00e2mpului"
        },
        "1cb11e4ef5c85cd2529324e18d63c96a": {
            "text": "Ca o verificare suplimentar\u0103 \u00een ultimul pas, cere\u021bi utilizatorului s\u0103 confirme valorile acestor c\u00e2mpuri \u00eenainte de a accepta parola nou\u0103."
        },
        "5cd2f0ef0a275749826eb1848eca5085": {
            "text": "V\u0103 rug\u0103m s\u0103 utiliza\u021bi numai c\u00e2mpuri de text sau numere \u00eentr-o singur\u0103 limb\u0103, care sunt \u00eentotdeauna completate pentru aceasta."
        },
        "8cde5ec64dda71c519de97faac388350": {
            "text": "Roluri permise"
        },
        "1af5a1fe1bcf8e0d87981e1ed30a52ee": {
            "text": "Pentru a permite doar anumitor roluri s\u0103 reseta\u021bi parola, selecta\u021bi-le aici."
        },
        "2b71c5b0053ba1524a4b96e918c5a8b4": {
            "text": "Dac\u0103 nu este selectat niciunul, atunci resetarea parolei este disponibil\u0103 pentru toate rolurile."
        },
        "3ec6ed33465d73a6985d6e6455d2e8ac": {
            "text": "Roluri blocate"
        },
        "987aff99759a7d274e880c5512ebf090": {
            "text": "pentru a bloca anumite roluri de la resetarea parolei, selecta\u021bi-le aici."
        },
        "a1f0c9c3c94d0f29ab484c237d948650": {
            "text": "\u0218terge\u021bi memoria cache \u0219i tabelele cererilor de resetare a parolei"
        },
        "ec488c78fc373b5af024d518fdc7c612": {
            "text": "Acest lucru se \u00eent\u00e2mpl\u0103 automat \u00een timp, dar poate fi \u0219ters manual dac\u0103 se dore\u0219te."
        },
        "49f90518a785624dd3ca08a1ebc6f9ef": {
            "text": "Solicit\u0103rile de resetare a parolei au fost \u0219terse"
        },
        "9ec54ec336b65da6179cf750de33ecd7": {
            "text": "A\u021bi uitat parola"
        },
        "e241608b636b6cdde53b70cb2ade0daf": {
            "text": "Ofer\u0103 capacitatea de resetare a parolei\/e-mail pentru procesul de conectare."
        }
    }
}