{
    "file": "wire\/modules\/Process\/ProcessModule\/ProcessModule.module",
    "textdomain": "wire--modules--process--processmodule--processmodule-module",
    "translations": {
        "b14c50cfbdf80ffa1e494282c306a467": {
            "text": "Instalarea modulului"
        },
        "addec426932e71323700afa1911f8f1c": {
            "text": "Ar\u0103ta\u021bi mai multe"
        },
        "b9c21fa0192c783c8c3d3c48cd251f6c": {
            "text": "Am g\u0103sit un modul nou"
        },
        "56f298ec43e271496dd37302c5f2d023": {
            "text": "Nu s-au g\u0103sit module noi"
        },
        "4ca1ee2e55f304b56891e55fc0ff7844": {
            "text": "Niciun modul specificat"
        },
        "e45037779e7b459b4ea29944f1b2ef5c": {
            "text": "Dezinstala\u021bi acest modul? Dup\u0103 dezinstalare, fi\u0219ierele modulelor ar trebui s\u0103 fie eliminate de pe server dac\u0103 nu sunt utilizate de alte module."
        },
        "a0ab914bff40f68598d99e99d39d859c": {
            "text": "Acest lucru va dezinstala alte module"
        },
        "1f698ebf835d58ef66a38c20e1496fa2": {
            "text": "(Dezactivat)"
        },
        "c19eca215de858fb52f1067064dc4bba": {
            "text": "Imposibil de dezinstalat modulul"
        },
        "7c4ba7a5c907fd803087ccd0da925c45": {
            "text": "Mai \u00eent\u00e2i trebuie s\u0103 dezinstala\u021bi alte module"
        },
        "c6ac99bad720428d69928c160e87c55e": {
            "text": "Acest formular nu are c\u00e2mpuri de configurat"
        },
        "aadb23a524b84262538be0a416d5868f": {
            "text": "Modul dezinstalat"
        },
        "9b60baa546e5c978341fd2907b1d5dc9": {
            "text": "Modul salvat"
        },
        "bf17ac149e2e7a530c677e9bd51d3fd2": {
            "text": "Module"
        },
        "b7e2c8a0dd9e5f4ac8848dc0ff32ba0f": {
            "text": "Afi\u0219a\u021bi, modifica\u021bi sau instala\u021bi\/dezinstala\u021bi modulele"
        },
        "70d2b9e888cc1816db79833873ff3a93": {
            "text": "Modul"
        },
        "27a35aaa9bc34010a2a8b5f6e72bc59c": {
            "text": "Versine"
        },
        "397433048c1c0bf93e5c0b270e178cb5": {
            "text": "Rezumat"
        },
        "ab216fc1fc240e6ae4a8d9e632b75177": {
            "text": "Necesit\u0103"
        },
        "d79883f0aa4bbfa29cfade81d86f4914": {
            "text": "De asemenea, instala\u021bi"
        },
        "7dadd48b9d04ac2c725c773fb9b845e6": {
            "text": "Instalare"
        },
        "6d1e927236b37ef520bf1e0c06162c61": {
            "text": "Disinstalare"
        },
        "1ac54e3228009efa1fcf80b8709e1288": {
            "text": "Titlu"
        },
        "6499bebe581347fb21854f07912f1f65": {
            "text": "Clasa"
        },
        "289aa00733ebcfd0bae827af29d01356": {
            "text": "Versione"
        },
        "f09023872796deae6f1373d8a9d31a1e": {
            "text": "Autor"
        },
        "633ce9b9b1a0e5b2f37bcc433eda6073": {
            "text": "Rezumat"
        },
        "a954570dccb58d6a3edeb19736234655": {
            "text": "Necesit\u0103"
        },
        "c3beb2f9b875c79f76cf703ad3659d68": {
            "text": "Solicitat de"
        },
        "4d9ea4616e8b425d256a718c7686ed2b": {
            "text": "Permisiune necesara"
        },
        "3ffe0dd3025d49ed76beaaf53f4889ac": {
            "text": "Alte informatii"
        },
        "da50401ad6d0a7e3ec13844538e10864": {
            "text": "Informatii despte modul"
        },
        "801ab24683a4a8c433c6eb40c48bcd9d": {
            "text": "Descarcare"
        },
        "418cab01f270b56053a218c414840ec9": {
            "text": "Desc\u0103rca\u021bi \u0219i actualiza\u021bi"
        },
        "c83047e52e84102cde2e46c99f5f2fa5": {
            "text": "Download Si instalati"
        },
        "fadeae979278b23b0c0245fe143813ca": {
            "text": "Ad\u0103uga\u021bi module din Director"
        },
        "91412465ea9169dfd901dd5e7c96dd99": {
            "text": "\u00cenc\u0103rca\u021bi"
        },
        "a97f194fe643428c6e0e5b1d3ea79dbd": {
            "text": "Ad\u0103uga\u021bi modul din \u00cenc\u0103rcare"
        },
        "5e3f8e6adc33178f32cc7beb6ad19072": {
            "text": "Ad\u0103uga\u021bi formular de la URL"
        },
        "cc3acbc843dd28f892ae2c9c1211b4cb": {
            "text": "Verifica\u021bi formularele noi"
        },
        "98dd43dfae05b11befe1f140e0ec787a": {
            "text": "Instalat"
        },
        "63a6a88c066880c5ac42394a22803ca6": {
            "text": "Re\u00eemprosp\u0103ta"
        },
        "f1206f9fadc5ce41694f69129aecac26": {
            "text": "Configurare"
        },
        "349838fb1d851d3e2014b9fe39203275": {
            "text": "Instalare"
        },
        "ea4788705e6873b424c65e91c2846b19": {
            "text": "Anulare"
        },
        "ea90a0c1864c51f82f862a6850c13951": {
            "text": "Fi\u0219ierul modulului a fost \u0219ters"
        },
        "883368e39a6dfd38bba57a0d881c87df": {
            "text": "Memoria cache a modulelor actualizat\u0103 (%d module)"
        },
        "fdbd482a575730a7abb63cdbf62a0f6c": {
            "text": "Modulul \"%s\"are mai multe fi\u0219iere (fi\u0219ierul mare este cel \u00een uz)."
        },
        "458268ddfe6f3ace67044ba7f55c7079": {
            "text": "Face\u021bi clic aici pentru a schimba ce fi\u0219ier este utilizat"
        },
        "9c67d775a708bbc2a042f878e78cfe2c": {
            "text": "\/site\/modules\/ - Module specifice site-ului"
        },
        "19d1a8e075651f072ba0771e6cbc831b": {
            "text": "Parcurge\u021bi directorul module la %s"
        },
        "326051e869bfb9785613fcb1e957a71e": {
            "text": "Pentru a elimina un modul, face\u021bi clic pe modul pentru a-l edita, selecta\u021bi caseta Dezinstalare, apoi salva\u021bi. Odat\u0103 dezinstalate, fi\u0219ierele modulului pot fi eliminate din \/site\/modul\/. Dac\u0103 \u00eenc\u0103 apar \u00een lista de mai sus, ar trebui s\u0103 face\u021bi clic pe butonul Re\u00eemprosp\u0103tare pentru ProcessWire pentru a vedea modificarea."
        },
        "401aeb1b99895a172d78edfa183114e7": {
            "text": "\/wire\/module\/ - Module incluse cu nucleul ProcessWire"
        },
        "385accc7e6612e8dba4e99f22b6876b1": {
            "text": "Module care au op\u021biuni de configurare"
        },
        "8c3466d7f1cc1dc4c01a040fe64573d5": {
            "text": "Module din sistemul de fi\u0219iere care nu sunt \u00eenc\u0103 instalate"
        },
        "03c2e7e41ffc181a4e84080b4710e81e": {
            "text": "Nou"
        },
        "94e84ea867143991751f06bad2b5da30": {
            "text": "\u00cen ultima or\u0103"
        },
        "a0d5ca48d2aafbe0c044daeedc4ca0e5": {
            "text": "\u00cen ultima zi"
        },
        "dc52e914c681bc112d4a36ed38e37299": {
            "text": "\u00cen ultima saptamana"
        },
        "12db5f4485378bd2b028b8f67a61533e": {
            "text": "\u00cen ultima luna"
        },
        "21f29ba58fe9059dae498577efb26435": {
            "text": "Module g\u0103site \u0219i instalate recent"
        },
        "0900a3f6adfa931e0130c02c436e7e7f": {
            "text": "Numele clasei"
        },
        "dc975a9e6b0112228c42a6abbe82ae93": {
            "text": "Trebuie s\u0103 fii absolut sigur c\u0103 sursa fi\u0219ierului ZIP este de \u00eencredere."
        },
        "d5f38db4e3d76c9a7cda57c660ac0dad": {
            "text": "URL-ul fi\u0219ierului ZIP al modulului"
        },
        "29b21610722fa13430132a8d4e757d1f": {
            "text": "Desc\u0103rca\u021bi un fi\u0219ier ZIP care con\u021bine un formular. Dac\u0103 desc\u0103rca\u021bi un modul care este deja instalat, versiunea instalat\u0103 va fi suprascris\u0103 de noua versiune."
        },
        "e7aef889dd1b168dc269e9ddff6a57a5": {
            "text": "Fi\u0219ierul ZIP al modulului"
        },
        "6010e3962902142283df28e6d1a1d897": {
            "text": "\u00cenc\u0103rca\u021bi un fi\u0219ier ZIP care con\u021bine fi\u0219ierul modulului. Dac\u0103 \u00eenc\u0103rca\u021bi un modul care este deja instalat, versiunea instalat\u0103 va fi suprascris\u0103 de noua versiune."
        },
        "5975f55a2bcd254c58d9fe16d7a21417": {
            "text": "Dac\u0103 a\u021bi introdus module noi \u00een \/site\/module, face\u021bi clic pe acest buton pentru a le g\u0103si."
        },
        "230420a05edcb2323c858d6c410d93cf": {
            "text": "Nu s-au g\u0103sit module."
        },
        "844ced21eac449bca19cf378ae770720": {
            "text": "Nume de modul nevalid: %s"
        },
        "0d17be96c4c0a8f101dcaa0ce9c5ee7d": {
            "text": "Elimina %s?"
        },
        "5d695cc28c6a7ea955162fbdd0ae42b9": {
            "text": "L-am gasit"
        },
        "8cd0d0c99b062b3d22e8c7188ba33ab2": {
            "text": "Arata tot"
        },
        "8395847485c9a34007295da6a4f9d4cf": {
            "text": "Eroare la preluarea datelor de la adresa URL a serviciului web"
        },
        "f629d0ec5b19860b76ae88da3ea10273": {
            "text": "Eroare la decodarea JSON din serviciul web"
        },
        "8d68afb831b95c0dc23e1457385a983c": {
            "text": "Eroare raportat\u0103 de serviciul web:"
        },
        "9e5fd09ae1c89e20aa28deee64d7f631": {
            "text": "Modulele de tip \"%s\" nu sunt instalabile de c\u0103tre administrator."
        },
        "2b0c95ea68acdfcd4e4d995f89bf3b92": {
            "text": "Acest modul nu indic\u0103 compatibilitatea cu aceast\u0103 versiune de ProcessWire. S-ar putea s\u0103 func\u021bioneze oricum, dar ar trebui s\u0103 verifica\u021bi cu creatorul modulului."
        },
        "5259630c836d951d40cd2771922dfb5e": {
            "text": "Versiunea instalat\u0103 este deja actualizat\u0103 la cea mai recent\u0103 versiune"
        },
        "356025c686f0f84759d1762a071903ad": {
            "text": "Este disponibil\u0103 o actualizare pentru acest modul!"
        },
        "822213aa38da92d8819e5c3b4ebe4c71": {
            "text": "mai veche dec\u00e2t versiunea instalat\u0103!"
        },
        "18206c5add24b8898426959c811b779b": {
            "text": "Mai multe informatii"
        },
        "eac35422501988079c78c4da694468ff": {
            "text": "Pagina de proiect"
        },
        "49ec9b5c06ace9e448b8c7901304c036": {
            "text": "Pagina de suport"
        },
        "baa2c21bbd137636014e8f357698761e": {
            "text": "Asigura\u021bi-v\u0103 c\u0103 sursa fi\u0219ierului ZIP este de \u00eencredere \u00eenainte de a continua!"
        },
        "2d30ce478ce5e77c288d80f804617331": {
            "text": "Acest modul nu are o adres\u0103 URL de desc\u0103rcare \u0219i trebuie instalat manual."
        },
        "013ba726c842150ec33822c5a6fc6196": {
            "text": "Desc\u0103rcarea a fost anulat\u0103"
        },
        "67f02952b064d6064216f2639a516eca": {
            "text": "Necesit\u0103 modulul \"%s\" \u00eenainte de a putea fi instalat."
        },
        "321a272463ceb9661e0951f1e3b639d5": {
            "text": "Desc\u0103rcat:"
        },
        "206fdb3626f498af4b830cbf6c2efc0a": {
            "text": "%s Este gata de instalare"
        },
        "5edb0eb1006e6be6d4cd5609357b4bb3": {
            "text": "Instaleaza acum"
        },
        "bfaf55307f89bbad2f781f3ea25fae91": {
            "text": "L\u0103sa\u021bi Dezinstalat"
        },
        "bb8985c9a93d30135e0a662d77228e87": {
            "text": "Actualizat:"
        },
        "5bee92e129673eefc19da149e2b58f15": {
            "text": "%s A fost actualizat cu succes."
        },
        "292287e744d21b09f577b3228ef5ce77": {
            "text": "Continua\u021bi s\u0103 forma\u021bi set\u0103rile"
        },
        "30d23c0f67dc47f239879658b08c371a": {
            "text": "Fi\u0219ier modul de utilizat"
        },
        "fc93b2cc57529c815c8810364ec885ea": {
            "text": "Exist\u0103 mai multe copii ale acestui formular. Alege\u021bi fi\u0219ierul modul pe care dori\u021bi s\u0103 \u00eel utiliza\u021bi."
        },
        "9c098768612f6e24d58eae6fb38ae756": {
            "text": "verifica actualiz\u0103rile"
        },
        "1c4336473685430feefceabf2d42669c": {
            "text": "\u00cenc\u0103rcarea automat\u0103 a fost dezactivat\u0103?"
        },
        "0e7a5c8e978678d4124240dafccdc636": {
            "text": "Fi\u021bi aten\u021bi, bifarea acestei casete ar putea rupe formularul sau site-ul dvs. Folosi\u021bi-l doar pentru teste temporare."
        },
        "fd50b49603c0cfa8d50d7c2933cc052c": {
            "text": "Instalare %s?"
        },
        "de9ced9bf5e9829de4a93ad8c9d7a170": {
            "text": "Ad\u0103uga nou"
        },
        "abc3baafc079141ff12cc709fd46f471": {
            "text": "Anulare"
        },
        "5ef031b334adbb931cf113da0bd6dcea": {
            "text": "Set\u0103ri"
        },
        "16cc8e66dedb68f1f49e919c348e3de5": {
            "text": "Nu \u00eenc\u0103"
        },
        "874966d700b2e2cca2577a2eac1d28f0": {
            "text": "Clase"
        },
        "f660f5f5478044f06b7c4ff7faf94e22": {
            "text": "Versiune"
        },
        "64e220482c5957a4bc72eb93fa23c97d": {
            "text": "Instalat?"
        },
        "adface9f151f3625734957af4cc90bdc": {
            "text": "Autori"
        },
        "e5f2ca40c235fae5ac687e306de83787": {
            "text": "rezumat"
        },
        "e6b6277ba8181bbd1527a9862aac46ec": {
            "text": "Starea eliber\u0103rii"
        },
        "8cdfd203b4ed8d5355ee6f7e2819f1f7": {
            "text": "Compatibilitate"
        },
        "6e3ecdf50e3929756d31a4f4a80179da": {
            "text": "Legaturi"
        },
        "48b843a3e9c0825de5170cc33048043f": {
            "text": "File ZIP"
        },
        "89f479678076a540904291ac97e7b29c": {
            "text": "Nota"
        },
        "db91f2b6a497a7f2f78f5ef53cc47fab": {
            "text": "Fisier"
        },
        "76ff1156be021b9f8cc2597febd46133": {
            "text": "Hooks in"
        },
        "43e59b407ace3714a7913e09ad22a594": {
            "text": "Ob\u021bine\u021bi informa\u021bii despre modul"
        },
        "3c6392d21eded83348fcd9ba6fbf3784": {
            "text": "Descarc\u0103 acum"
        },
        "9508427b7e6579d141f8c3b79dae6d96": {
            "text": "Ad\u0103uga\u021bi modul manual"
        },
        "4516572c6fda0d98d0668aecc205fd25": {
            "text": "Eroare la instalarea modulului"
        },
        "0e1b7d725ac07f97cf9181f6cea25cf5": {
            "text": "\u0218terge\u021bi fi\u0219ierele compilate"
        },
        "496fe18d4a1185b1236724440ed4ade6": {
            "text": "Butonul de mai jos \u0219terge modulele de site compilate \u0219i fi\u0219ierele \u0219ablon, for\u021b\u00e2nd s\u0103 fie recompilate data viitoare c\u00e2nd sunt accesate. Re\u021bine\u021bi c\u0103 acest lucru poate cauza o \u00eent\u00e2rziere temporar\u0103 pentru una sau mai multe solicit\u0103ri \u00een timp ce fi\u0219ierele sunt recompilate."
        },
        "f464b54239700029744e7426935c782b": {
            "text": "Lipsesc fi\u0219iere de modul \u00een: %s"
        },
        "2aee0be2678ee90fd327cc186826438e": {
            "text": "Lipseste"
        },
        "95044757c9e0df8925fe4a63a324d3d8": {
            "text": "Module din baza de date care nu se g\u0103sesc \u00een sistemul de fi\u0219iere. Face\u021bi clic pe orice nume de modul de mai jos pentru op\u021biuni de remediat."
        },
        "bb767ff00426d9e68c6a09aef27403b1": {
            "text": "Pute\u021bi s\u0103 r\u0103sfoi\u021bi directorul de module \u0219i s\u0103 g\u0103si\u021bi modulul pe care dori\u021bi s\u0103 \u00eel desc\u0103rca\u021bi \u0219i s\u0103 \u00eel instala\u021bi."
        },
        "a2eff7125bf22d0665eb96166b471821": {
            "text": "Introduce\u021bi sau insera\u021bi numele clasei pentru modulul pe care dori\u021bi s\u0103 \u00eel instala\u021bi, apoi face\u021bi clic pe butonul \u201e%s\u201d pentru a continua."
        },
        "5e836e5f23db2e182bbf94e2c151afd7": {
            "text": "Directorul modules este situat la %s"
        },
        "35d7f630296905e9a75b2419e1b94182": {
            "text": "1. Copia\u021bi fi\u0219ierele unui modul \u00eentr-un nou director %s de pe server."
        },
        "f7cc8104813457b0243bd76df9c6a3e6": {
            "text": "2. Face\u021bi clic pe butonul \"%s\" de mai jos, care va g\u0103si noul modul."
        },
        "850f7ec6c49d2fb734785a8f52ad4a0e": {
            "text": "3. Localiza\u021bi \u0219i face\u021bi clic pe butonul \"%s\" de l\u00e2ng\u0103 noul modul."
        },
        "aad2eb78d1969fc8b53488a5f5a054ba": {
            "text": "\u00cenlocui\u021bi \"%s\" cu numele actual al modulului, care este de obicei numele clasei PHP."
        },
        "f83f6b012ba134e5168ab27e4587b2d3": {
            "text": "Cerin\u021bele modulului nu sunt \u00eendeplinite, a\u0219a c\u0103 instalarea poate cauza probleme. Sunte\u021bi sigur c\u0103 dori\u021bi s\u0103 instala\u021bi?"
        },
        "744cbb13a2d60fe8be0889a49e0bee00": {
            "text": "lasa de modul trebuie s\u0103 implementeze interfa\u021ba \"ProcessWire\\Module\"."
        },
        "4cd91aa9e2204807c18ccb578305c357": {
            "text": "fi\u0219ierul modul nu a fost g\u0103sit"
        },
        "608c857d1ec057cf85a2776ae9d2e0f1": {
            "text": "Modulul \"%s\" exist\u0103 \u00een baza de date, dar nu \u0219i \u00een sistemul de fi\u0219iere."
        },
        "3f7ac7b9e02123a6f7ad6b0a30d22b6d": {
            "text": "Lua\u021bi \u00een considerare plasarea fi\u0219ierelor modulului \u00een %s sau eliminarea modulului din baza de date."
        },
        "5726ea1babd2fd38df90eb9181ccc652": {
            "text": "Elimina\u021bi acest modul din baza de date?"
        },
        "20cdc25923bd223a0616adb565cd34c4": {
            "text": "Modul eliminat din baza de date"
        },
        "7d571db09020671aab5f5a8eb76c4b06": {
            "text": "Modulul %1$s a fost actualizat pentru a utiliza fi\u0219ierul: %2$s"
        },
        "0a5d45b5062fbc6cf7c0fce7c6ecedb7": {
            "text": "(spa\u021biu de nume implicit)"
        },
        "498ba8bc46d453108ed1961748ae5d6c": {
            "text": "Nici unul (spa\u021biu de nume r\u0103d\u0103cin\u0103)"
        },
        "8569fe11869eab4756b242c9cdc6ad92": {
            "text": "instala\u021bi traduceri"
        },
        "2f44417567bc123bd7c60de8c2a2b444": {
            "text": "Inainte"
        },
        "632a2406bbcbcd553eec45ac14b40a0a": {
            "text": "Dupa"
        },
        "bf07f89fd86a5f3f7e8adb1833ce11bb": {
            "text": "Nu sunt disponibile fi\u0219iere de limb\u0103 pentru modul"
        },
        "4ba2c3760d90822344a0ef877706ceca": {
            "text": "Traduceri \u00een limba modulului"
        },
        "b7b039d0210f657d8600e7356ac5016c": {
            "text": "Importa\u021bi traduceri pentru modulul %s"
        },
        "aa62c21c0ac6b3651b220804c8633047": {
            "text": "Importa\u021bi \u00een %s"
        },
        "a73e218ed0a476a4a5ac1a3f5aef776f": {
            "text": "Nu se g\u0103se\u0219te fi\u0219ierul CSV"
        },
        "1ce6b5b21ba628d92d00fd22b0c87730": {
            "text": "Limbi"
        },
        "75a1550235c0efb5d9dedd5f02f1fe86": {
            "text": "S-a golit memoria cache a compilatorului de fi\u0219iere"
        },
        "fb61fc284cf893013b55de02da9c9948": {
            "text": "Modul: %s"
        },
        "16e56a7f64aa21e73cf55bd8a6334cf8": {
            "text": "%s + Ie\u0219ire"
        }
    }
}