{
    "file": "wire\/modules\/Markup\/MarkupPagerNav\/MarkupPagerNav.module",
    "textdomain": "wire--modules--markup--markuppagernav--markuppagernav-module",
    "translations": {
        "10ac3d04253ef7e1ddc73e6091c0cd55": {
            "text": "Succesiv"
        },
        "14230d11143a03f4330c6433d5032a9d": {
            "text": "Precedent"
        },
        "5c1d7f6d68bcbbf58273c6bd4685f31e": {
            "text": "Leg\u0103turi de paginare"
        },
        "ac05c22d44b97ccc6b944f5607204892": {
            "text": "Pagina {n}"
        },
        "a6a79c8cb4b01a0f36837edd624423ff": {
            "text": "Pagina {n}, pagina curent\u0103"
        },
        "374bea6cf8bd1e8fd64570b629cc6562": {
            "text": "Urmatoarea pagina"
        },
        "16ded2dc32322d80ce2362a47f4d7ef4": {
            "text": "Pagina precedent\u0103"
        },
        "91a57398737d46b75f1238775121271d": {
            "text": "Pagina {n}, ultima pagin\u0103"
        }
    }
}