{
    "file": "wire\/modules\/Fieldtype\/FieldtypeComments\/CommentNotifications.php",
    "textdomain": "wire--modules--fieldtype--fieldtypecomments--commentnotifications-php",
    "translations": {
        "017e8b29849843b6daa2501aad99f7c1": {
            "text": "Aprobare in asteptare"
        },
        "2ddc852b4c56d7eb5b88fc7b539f6899": {
            "text": "Aproba\u021bi acum"
        },
        "6f8063417ab31f38d864c28302f3de2f": {
            "text": "Aprobat"
        },
        "72af4a9852b0c2800d279f8d1f8c0661": {
            "text": "Marca\u021bi ca SPAM"
        },
        "19af9433f96a08338dbcf1ea82186f7c": {
            "text": "SPAM - va fi \u0219ters automat dup\u0103 %d zile."
        },
        "86c1d4d493979ef59b39ac2ff666bff8": {
            "text": "Non SPAM: Aproba\u021bi acum"
        },
        "4a97712de239878854839560e1765f5a": {
            "text": "Comentariu postat pe: %s"
        },
        "7dce122004969d56ae2e0245cb754d35": {
            "text": "Edita\u021bi"
        },
        "e8107568f6e83f5b0241f7b880e41a4b": {
            "text": "V-a\u021bi dezabonat de la notific\u0103rile de comentarii de pe aceast\u0103 pagin\u0103."
        },
        "c6c6e3cf945863d4f61ef6f648fb973c": {
            "text": "A\u021bi confirmat primirea notific\u0103rilor de pe aceast\u0103 pagin\u0103."
        },
        "4b71ef4218c5669aa7d3e360902e5fcd": {
            "text": "A fost ad\u0103ugat un nou comentariu:"
        },
        "91087eab2782aae45085cf5476081138": {
            "text": "Postat la: %s"
        },
        "92295f3f7fe39fd61f8ce27b523aa341": {
            "text": "Postat de: %s"
        },
        "c7c47e22cdf07075fbc40c3197b822e0": {
            "text": "Notificare de confirmare"
        },
        "b5525fa352b1e9c09e58ab014b5273a3": {
            "text": "A\u021bi solicitat s\u0103 fi\u021bi notificat cu privire la r\u0103spunsurile la comentariul dvs. la %s. Confirma\u021bi f\u0103c\u00e2nd clic pe linkul de mai jos. Dac\u0103 nu a\u021bi solicitat-o, pute\u021bi ignora acest e-mail."
        },
        "8130425aab908bac67e8b4ace4861b21": {
            "text": "Confirma\u021bi notific\u0103rile."
        },
        "e0c0bcd1370c684469277f8066e3c64f": {
            "text": "Pagina"
        },
        "957cba65c7639be540b3bce16e2c8e57": {
            "text": "Din"
        },
        "d856205677eeb676b9b04c173a231c6b": {
            "text": "="
        },
        "4df6dabe367988d938bbf565bbcdbe43": {
            "text": "Situl web"
        },
        "0182aa91273730ac7c4f3df026234683": {
            "text": "Stele"
        },
        "5be3f30f5db8303d4baac9920be07c45": {
            "text": "Statut"
        },
        "bc5db30ce176afbea33060365cda9e6d": {
            "text": "Actiune"
        },
        "15ede22296b59c623fa73c28c6dbe629": {
            "text": "Test"
        },
        "61d8be701930d3db7ca0e8d32d041ab6": {
            "text": "="
        },
        "2bdedaef502bd65a7190ee7077fc9d23": {
            "text": "Comentariul %d a fost actualizat la \u201e%s\u201d"
        },
        "27d7f48b990974bef40abd6a857c4e0c": {
            "text": "Postat la %s de %s"
        },
        "f6c4779fa5259e211efefe8cae45f4b2": {
            "text": "Vezi raspunsul"
        },
        "3b5617424ffc943d996c686a376e807c": {
            "text": "Dezabona\u021bi-v\u0103 de la aceste notific\u0103ri"
        }
    }
}