{
    "file": "wire\/core\/Modules.php",
    "textdomain": "wire--core--modules-php",
    "translations": {
        "3919fe955716c54c409b522a1003f3e0": {
            "text": "Nu ave\u021bi permisiunea de a rula acest modul"
        },
        "de7a358da1292f56861c726d3c860dc0": {
            "text": "Modulul solicitat nu a putut fi instalat"
        },
        "8fbd3d16ca5c99185a023c9b7e6bb3e9": {
            "text": "Permisiune ad\u0103ugat\u0103: %s"
        },
        "e349b4d55d1eb71f3b313924149aa242": {
            "text": "Eroare la ad\u0103ugarea permisiunii: %s"
        },
        "d8b74ebbc7d2d9e0bb9860f5875e6a58": {
            "text": "Instalare automat\u0103 a modulului"
        },
        "2ccb0669e8a2f6a3117f340bb36e8d4b": {
            "text": "Dezinstalarea automat\u0103 a modulului"
        },
        "37ab3f591b07274ff3b4c891af63e4d1": {
            "text": "Permisiunea anulat\u0103: %s"
        },
        "7dd5a577bde82df3631263cfd04a07bb": {
            "text": "Eroare la \u0219tergerea permisului: %s"
        },
        "141e30f2de96660020efd996cc916413": {
            "text": "Dependen\u021ba de modul a e\u0219uat: %s cere %s"
        },
        "3ba3666c48feabf2f2506e1f835ea92e": {
            "text": "Actualizare modul"
        },
        "0a6712f704d759c81cdc4416397e7faf": {
            "text": "Nu s-a putut construi modulul: %s"
        },
        "7f5ebaf3241ff21764054580a96a3b11": {
            "text": "Modulul init nu a fost : %s"
        },
        "dc3b5200f4c5fe1739b1bb1946ed22c1": {
            "text": "Eroare de citire modulul init"
        },
        "7ac5a75a8a79dc9b9e8d40dbed9c4124": {
            "text": "Modulul %s necesit\u0103: %s"
        },
        "dc3fd488f03d423a04da27ce66274c1b": {
            "text": "Avertizare!"
        },
        "1f8ef8340fd2af55ecdf88e4a9ea3d8e": {
            "text": "Modulul raporteaz erori in timpul instalarii"
        },
        "46e2d06b80d816b2916f1f27492fbabd": {
            "text": "Modulul nu se poate instala"
        },
        "5c4f3cc8a1cdcfa7759b4d0a199bcfa0": {
            "text": "Modulul nu este deja instalat"
        },
        "8ffefc63396ecaf77fdcafe5163f2bfe": {
            "text": "Modulul est permanent"
        },
        "926c4c5bf92909f4225cafbe323a1ea9": {
            "text": "Modulul este cerut de alte module care trebuie \u00eendep\u0103rtate mai \u00eent\u00e2i"
        },
        "d710b0151d568a1efa24617b78fa1f25": {
            "text": "Acest modul este un tip de c\u00e2mp utilizat \u00een prezent de unul sau mai multe c\u00e2mpuri"
        },
        "5a2fc11bf796d8311be4cbec0b42de6a": {
            "text": "S-au g\u0103sit %d module noi:"
        },
        "c6c027ba8c6c5d40e280070bd29ded16": {
            "text": "S-au g\u0103sit %d module mutate:"
        },
        "6ea5c2eaa01aed58a21b407c8e6dfd98": {
            "text": "S-au g\u0103sit %d (de) module(e) fi\u0219ier lips\u0103:"
        },
        "ad9906aa0524fdfe2d135ea6be8c4a6a": {
            "text": "S-au g\u0103sit %d modific\u0103ri ale versiunii modulului (se aplic\u0103 atunci c\u00e2nd fiecare modul este \u00eenc\u0103rcat):"
        }
    }
}