{
    "file": "wire\/modules\/Process\/ProcessLogger\/ProcessLogger.module",
    "textdomain": "wire--modules--process--processlogger--processlogger-module",
    "translations": {
        "a422bfafc484bafeef9ccbfeb175c216": {
            "text": "Crea\u021bi sau ad\u0103uga\u021bi la fi\u0219ierul jurnal din API:"
        },
        "872e46a716d24989bf3199d28e4ae86e": {
            "text": "Jurnal \u0219ters: %s"
        },
        "f33458f02cd71a8319c79c2f4d89c947": {
            "text": "Fi\u0219ier jurnal redus \"%s\"(acum con\u021bine %d ntr\u0103ri)"
        },
        "02bb48ec8c3eb6796671313f290e943d": {
            "text": "A salvat o nou\u0103 intrare de conectare \"%s\""
        },
        "4ad21358c22f2457f4a4c6495c68ddf6": {
            "text": "Intrarea din jurnal era goal\u0103"
        },
        "58840cc813684ae1c5cb61d83a4c974f": {
            "text": "Ajutor"
        },
        "dc770a451931e3eb28348451a1ef9896": {
            "text": "C\u0103utare text"
        },
        "4777bbe3c06c7939e97101b4589ba1eb": {
            "text": "Data din"
        },
        "d24e4fa285c1eab355817ed6c38ec1bd": {
            "text": "Data la"
        },
        "06df33001c1d7187fdd81ea1f5b277aa": {
            "text": "Ac\u021biuni"
        },
        "de36914cd9d030bca299ef13e59e81fc": {
            "text": "Alege\u021bi o ac\u021biune din cele de mai jos. Vi se va solicita s\u0103 face\u021bi clic pe un buton \u00eenainte de a efectua ac\u021biunea."
        },
        "801ab24683a4a8c433c6eb40c48bcd9d": {
            "text": "Descarcare"
        },
        "1c53c4bdef63da21f7d99ba3bc5999f9": {
            "text": "Cre\u0219te (Adaug\u0103)"
        },
        "02f9418b682bcf39e6426bc2981e2b8a": {
            "text": "T\u0103ia\u021bi (reduce\u021bi)"
        },
        "d7e4a58b047e3d80c673e8689567c66b": {
            "text": "Inscrip\u021biona\u021bi (\u0218terge\u021bi)"
        },
        "346d021dc6749fe81c1f0faee3a38831": {
            "text": "Reduce\u021bi la # zile"
        },
        "6ae864586a6fe2c99b1501c4c20e2e38": {
            "text": "Reduce\u021bi dimensiunea fi\u0219ierului jurnal pentru a con\u021bine intr\u0103ri din ultimele [n] zile."
        },
        "83f5d3fdcb74c638ae403fae1637a1fc": {
            "text": "Intrare nou\u0103 \u00een jurnal"
        },
        "c397f5454fbbd15045aaacf88b43888e": {
            "text": "T\u0103ia\u021bi acest fi\u0219ier jurnal acum"
        },
        "9ac3ee6fa6d85d02c8d53149a96a0bcd": {
            "text": "Distrugeti acest jurnal acum (\u0219terge\u021bi definitiv)"
        },
        "504e5b0396525461611c2daa17c1a420": {
            "text": "Ad\u0103uga\u021bi aceast\u0103 intrare de jurnal"
        },
        "85b023a5435c54612ef3316cbc37a660": {
            "text": "Desc\u0103rca\u021bi acest fi\u0219ier jurnal acum"
        },
        "5157e3c765af93679ea07052f30f0a6e": {
            "text": "real"
        },
        "1058f3258b7dca7c4693166c425b968d": {
            "text": "Nu exist\u0103 intr\u0103ri de jurnal care se potrivesc"
        },
        "b2d37ae1cedf42ff874289b721860af2": {
            "text": "Log"
        },
        "527b296f2533d0e979933116081467a8": {
            "text": "Vizualiza\u021bi \u0219i gestiona\u021bi jurnalele de sistem."
        },
        "ab11deae48aaa0e5cadf227120ed4ade": {
            "text": "Nume"
        },
        "872db811a5e431cc819ba322361af380": {
            "text": "Modificat"
        },
        "922e48e67eab1e2b2673f5d44a6fbafd": {
            "text": "intrare"
        },
        "57728bfeef48fd1206314f0cd1c2576a": {
            "text": "Dimensiune"
        },
        "4c35d99800510d64691a870b65d277f4": {
            "text": "Data\/ora"
        },
        "88cfe14e9a1a3300a1f5ef50f73a648b": {
            "text": "Utilizator"
        },
        "bd350ab4ad8284276668d82be6b20b52": {
            "text": "%d jurnal"
        },
        "712684fe92736fe32b1c2eb87d2360c7": {
            "text": "%d jurnale"
        },
        "064a2c9034205289d020252829c41052": {
            "text": "O nou\u0103 intrare de jurnal pe pagin\u0103 1"
        },
        "b9dc13817999fcd3ea5967c020b5c043": {
            "text": "Mai multe intr\u0103ri de jurnal pe pagin\u0103 1"
        },
        "e3a6297e7ba64ab87a04b472d2d2330e": {
            "text": "Trebuie sa fie 1 sau mai mare"
        },
        "5118ea88654d8338b03da5c0b62c1f42": {
            "text": "Plus %d duplicat mai devreme"
        },
        "c9ac43f375c0387b8a7ff29615abc018": {
            "text": "Plus %d dubluri anterioare"
        },
        "75d8bea19790a638a8dde30fd475dba6": {
            "text": "404 Nu a fost gasit"
        }
    }
}