{
    "file": "wire\/core\/Inputfield.php",
    "textdomain": "wire--core--inputfield-php",
    "translations": {
        "efdf8051d64766330e13627274b01787": {
            "text": "Condi\u021biile sunt exprimate cu un selector \"c\u00e2mp = valoare\" care con\u021bine c\u00e2mpurile \u0219i valorile de comparat. Mai multe condi\u021bii pot fi separate prin virgul\u0103."
        },
        "1729a56cfc89021478498fe0c89a843a": {
            "text": "Vizibilitate"
        },
        "c7bc3fddddb62d5b656adc30cea77a55": {
            "text": "Prezentare"
        },
        "49632d1c8309d42371ab31fe84d56c91": {
            "text": "Cum ar trebui s\u0103 apar\u0103 acest c\u00e2mp \u00een editor?"
        },
        "c3bf447eabe632720a3aa1a7ce401274": {
            "text": "Deschis"
        },
        "0d2d71d5551271c673df720e61b08cf8": {
            "text": "Deschis + Nu poate fi \u00eenchis"
        },
        "5995da1dbd9a2df5487ab0324f2d4a01": {
            "text": "Deschis dac\u0103 este populat + \u00cenchis dac\u0103 este gol"
        },
        "e75c5e5c17a86f893fac8d2b7b7a3762": {
            "text": "Deschis dac\u0103 este populat + \u00cenchis dac\u0103 este gol + \u00cencarc\u0103 numai c\u00e2nd este deschis (AJAX)"
        },
        "3a28674fd51f34234723d80de10c6382": {
            "text": "Deschis dac\u0103 este populat + \u00cenchis dac\u0103 este gol + Blocat (nu poate fi editat)"
        },
        "2f6f6a0f0c4157d8a5174b75063ba0e2": {
            "text": "Deschis dac\u0103 este gol + \u00cenchis dac\u0103 este populat"
        },
        "03f4a47830f97377a35321051685071e": {
            "text": "Inchis"
        },
        "3567554c6ab1f1648a4b4ecbbbb4733d": {
            "text": "\u00cenchis + Blocat (nu poate fi editat)"
        },
        "9101591614e0d079e052d9cbf4e1c203": {
            "text": "\u00cenchis + Blocat (nu poate fi editat) (AJAX)"
        },
        "cb6df4e080dea0319f74d565e587c2b5": {
            "text": "Op\u021biunile marcate cu %s pot s\u0103 nu func\u021bioneze cu toate tipurile de intr\u0103ri, v\u0103 rug\u0103m s\u0103 \u00eencerca\u021bi acest lucru pentru a asigura compatibilitatea."
        },
        "2145d1256ac3cfac3444b42d04572b4e": {
            "text": "Ascuns (nu este vizibil \u00een editor)"
        },
        "44158720c6f7deaff17b2430d3d31254": {
            "text": "Afi\u0219a\u021bi acest c\u00e2mp numai dac\u0103"
        },
        "3b57940d51a0ed7f2d5c49363114bd0e": {
            "text": "Introduce\u021bi condi\u021biile \u00een care va fi afi\u0219at c\u00e2mpul."
        },
        "0eb0b305235144ffe99e247b24200b09": {
            "text": "L\u0103\u021bimea containerului \u00een procente din acest c\u00e2mp (10% -100%). Dac\u0103 este plasat l\u00e2ng\u0103 alte c\u00e2mpuri cu l\u0103\u021bime \u00eengust\u0103, va crea coloane fluctuante."
        },
        "8387772e28e9c2b81fa8cb674e569663": {
            "text": "Re\u021bine\u021bi c\u0103 nu toate c\u00e2mpurile vor func\u021biona la l\u0103\u021bime redus\u0103, ar trebui s\u0103 verifica\u021bi acest lucru dup\u0103 modificarea acestei valori."
        },
        "6e18e908568ef24580d93bfd3e0f40d7": {
            "text": "Necesar?"
        },
        "c48c7243fc307fd425df738c9f0f4324": {
            "text": "Dac\u0103 este bifat\u0103, va fi necesar\u0103 o valoare pentru acest c\u00e2mp."
        },
        "c1d71aa80e02ee67489431d11e5f58a8": {
            "text": "Este necesar doar dac\u0103"
        },
        "bb0df4a2d5e0d99eaba53f152ff7f0f7": {
            "text": "Introduce\u021bi condi\u021biile \u00een care va fi necesar\u0103 o valoare pentru acest c\u00e2mp."
        },
        "2d7ff3fa8a1a844b270d96878d358762": {
            "text": "Citeste mai mult descpre cum se foloseste"
        },
        "4049392fac457a50d9eb641c5873f41e": {
            "text": "Folosi\u021bi \u0219i atributul \u201eobligatoriu\u201d HTML5?"
        },
        "e20047e93328484a90fd0cf82642d0ff": {
            "text": "Utiliza\u021bi numai \u00een c\u00e2mpurile \u00eentotdeauna vizibile pentru utilizator."
        },
        "b26d2db211d5748ab5ca3f2b5124e63a": {
            "text": "latimea coloanei (%d%%)"
        }
    }
}