{
    "file": "wire\/modules\/LanguageSupport\/LanguageSupport.module",
    "textdomain": "wire--modules--languagesupport--languagesupport-module",
    "translations": {
        "4994a8ffeba4ac3140beb89e8d41f174": {
            "text": "Limba"
        },
        "185d23ff9526ad93077a1c9ad5ed26a2": {
            "text": "Abordare E-mail"
        },
        "b78a3223503896721cca1303f776159b": {
            "text": "Titlu"
        },
        "3f94f86633491ad8e5d18f5e481330c2": {
            "text": "Modific\u0103rile aduse acestui c\u00e2mp nu vor fi salvate deoarece nu ave\u021bi permisiuni de limb\u0103: %s."
        },
        "0d61f8370cad1d412f80b84d143e1257": {
            "text": "Roman_Romania.1252"
        }
    }
}