{
    "file": "wire\/templates-admin\/debug.inc",
    "textdomain": "wire--templates-admin--debug-inc",
    "translations": {
        "7421d68c70dfc346497573bf4e08acc5": {
            "text": "Instrumente pentru modul de depanare"
        },
        "b9a880607682d7ff74c39ef4cdefca90": {
            "text": "Pagini incarcate"
        },
        "dc62e13d18c4cec89567255a0bbd8a67": {
            "text": "Variabile API"
        },
        "71c7ae294b7abd866b3fb295b3b9e4a4": {
            "text": "Sesiune"
        },
        "f929d2763e272dc4669d972bae9708e0": {
            "text": "Module \u00eenc\u0103rcate"
        },
        "554c5efaf6a3411ec0c56132825ce0f1": {
            "text": "%d module \u00eenc\u0103rcate"
        },
        "5e9171024adf23f0e7e7f298f251a935": {
            "text": "%d nu s-a \u00eenc\u0103rcat"
        },
        "8f9bfe9d1345237cb3b2b205864da075": {
            "text": "Utilizator"
        },
        "5351e7d8b45acb7070fc165ce3b738c6": {
            "text": "Roluri curente de utilizator"
        },
        "1b272e451c327dcb796367163a2c403b": {
            "text": "Permisiunile curente ale utilizatorului"
        },
        "e386ede4750a227397715b73b7727273": {
            "text": "Permisiunile curente ale utilizatorului pe aceast\u0103 pagin\u0103"
        },
        "62483fbc1d13ed84612061e24f6e72fb": {
            "text": "Interog\u0103ri PDO ($database)"
        },
        "92dd35cc61ffc41d02defdcef071856d": {
            "text": "Cronometre"
        },
        "951102c6edd76f552294869d42635888": {
            "text": "Interog\u0103ri MySQLi ($db) - \u00cenvechit"
        },
        "3d7ce213fb1c2bec707c0fac7b1999e2": {
            "text": "Autoincarcare"
        },
        "38dee61bfa5e86e18c76e272c4c830fa": {
            "text": "Nu l\u0103sa\u021bi modul de depanare activat \u00een mediile live\/de produc\u021bie (vezi $config->debug \u00een fi\u0219ierul \/site\/config.php)."
        }
    }
}