{
    "file": "wire\/modules\/Inputfield\/InputfieldTextarea.module",
    "textdomain": "wire--modules--inputfield--inputfieldtextarea-module",
    "translations": {
        "530f488f7a9800411efc6926ab189708": {
            "text": "Randuri"
        },
        "c1fa39608b74e309ed351df551eacafd": {
            "text": "Num\u0103rul de randuri afi\u0219at ini\u021bial pentru acest c\u00e2mp."
        },
        "2241a30b27a648ef55d21c01f1cda82e": {
            "text": "Mai multe r\u00e2nduri de text"
        },
        "8fe5e05f660fa7d2db7f9bd444d77358": {
            "text": "Valoarea dep\u0103\u0219e\u0219te lungimea maxim\u0103 recomandat\u0103 de %1$d caractere (lungime=%2$d)."
        }
    }
}