{
    "file": "wire\/modules\/AdminTheme\/AdminThemeDefault\/AdminThemeDefault.module",
    "textdomain": "wire--modules--admintheme--adminthemedefault--adminthemedefault-module",
    "translations": {
        "d35b51b639528d580362ca7042de6a0e": {
            "text": "="
        },
        "18297117d3d251afceed9ecbe797c849": {
            "text": "="
        },
        "ad1c9cd3e7b07e2c364c985f73188054": {
            "text": "="
        },
        "e23718b506da0770a65d60f908e449a7": {
            "text": "="
        },
        "f0a5fc96d36fdda66a2a10b79be6d7fb": {
            "text": "Set de Culori"
        }
    }
}