{
    "file": "wire\/core\/LanguageFunctions.php",
    "textdomain": "wire--core--languagefunctions-php",
    "translations": {
        "1cb251ec0d568de6a929b520c4aed8d1": {
            "text": "text"
        },
        "fb5bc6b1ef6713a60dc29d381c94f0c0": {
            "text": "Acesta este un text translatabil"
        },
        "83378236d008605772b0b7ad762cfad4": {
            "text": "Citi\u021bi pagina %s"
        },
        "f49588184356b1846ce48469ae3843ac": {
            "text": "%d este ID-ul paginii curente"
        },
        "e1fe2670bb21367812b567146e61221d": {
            "text": "Ast\u0103zi este %1$s, iar ora este %2$s"
        },
        "355e4477dc80f629e33f018fac3d9836": {
            "text": "Bine ati venit prieteni"
        },
        "e0e5bd63c9d415c7fb84eecaa74c78fc": {
            "text": "Urmatorul text"
        },
        "777005300b355c69534803c6407f99e7": {
            "text": "Gasca canadiana"
        },
        "d1346524ac7f6fe232016c077a9fc6ec": {
            "text": "Click pentru mai multe"
        },
        "59e4da1ec2723e6d05ec5feeaf7f7924": {
            "text": "Click pentru mai multe"
        },
        "eadea3a747e3696d7959fb28d1d18230": {
            "text": "Cauta"
        },
        "fbe3c412d3a00ee92f603be1b42465d5": {
            "text": "URL"
        },
        "5fc84d0317482d09f3ddd893414e51dd": {
            "text": "Am g\u0103sit un articol"
        },
        "b676034ffa6131761ecc1b8e151c44ef": {
            "text": "Am gasit articole multiple"
        },
        "a91d611a962e2baf78e47b720f43bfdd": {
            "text": "S-au g\u0103sit %d articole"
        }
    }
}