{
    "file": "wire\/modules\/Process\/ProcessProfile\/ProcessProfile.module",
    "textdomain": "wire--modules--process--processprofile--processprofile-module",
    "translations": {
        "9fbf3617c6172a75648e9ac0a864bb56": {
            "text": "Profil:"
        },
        "f9e0ddbbff17d789d7844835e71e789f": {
            "text": "Profilul nu a fost salvat"
        },
        "f29de224c874ad891ea1c3627aa468be": {
            "text": "Profilul a fost salvat"
        },
        "90b1f6651953fcf8b43ddc0da6760aaf": {
            "text": "Profil utilizator"
        },
        "1a59a80bd045dd8cb5a37b841028cc00": {
            "text": "Permite utilizatorilor s\u0103-\u0219i schimbe parola, adresa de e-mail \u0219i alte set\u0103ri pe care le defini\u021bi."
        },
        "85337e04345622f27e1230c61efa9fd0": {
            "text": "Ce c\u00e2mpuri poate modifica un utilizator \u00een profilul s\u0103u?"
        },
        "d57a97a659253e107095a0ad40576d9f": {
            "text": "Adresa de email\"%s\" Este deja utilizat de un alt utilizator."
        },
        "2ed85673c671a4f6a96ccccf154dab83": {
            "text": "Nume de conectare utilizator"
        },
        "75ac88c5fefdf1235b5f0484d3c88a2b": {
            "text": "Pentru securitate, introduce\u021bi parola curent\u0103 pentru a salva aceste modific\u0103ri:"
        },
        "cb6f985e3af3f01a7f7f9e2d3cc6fe77": {
            "text": "Numele de utilizator poate con\u021bine minuscule a-z, 0-9, cratim\u0103 sau liniu\u021b\u0103 de subliniere."
        },
        "31ed16771212c1b9c52ea8680a61c5bb": {
            "text": "Parola necesar\u0103 a fost furnizat\u0103, dar nu este corect\u0103"
        },
        "b54db85c5475befbb8e4d05e3985853b": {
            "text": "Parola necesar\u0103 a fost furnizat\u0103, dar nu este corect\u0103"
        },
        "c0902bb307af1c623dc07a6070c33261": {
            "text": "Nepermis"
        },
        "c41276451b92f986f438a836dd99ed69": {
            "text": "Dezinfectat la \"%s\", care difer\u0103 de ceea ce a\u021bi introdus"
        },
        "c012e2a8b9e129403f8b93547086500a": {
            "text": "Prea scurt"
        },
        "b2df7887a34999a0fee743420750a9ec": {
            "text": "Prea lung"
        },
        "8d7dadc018de46d934c7f3a9c0ade8b7": {
            "text": "Este folosit deja"
        },
        "0be33c8c71eb4cbffd8ff2999d0660db": {
            "text": "Este posibil s\u0103 nu \u00eenceap\u0103 sau s\u0103 se termine cu caractere non-alfa, f\u0103r\u0103 cifre"
        },
        "642249113906da67a3b9d3d446555c93": {
            "text": "Nu poate con\u021bine cratime, liniu\u021be de subliniere sau puncte adiacente"
        },
        "49ee3087348e8d44e1feda1917443987": {
            "text": "Nume"
        },
        "b021df6aac4654c454f46c77646e745f": {
            "text": "Eticheta"
        },
        "a1fa27779242b4902f7ae3bdd5c6d508": {
            "text": "Tip"
        }
    }
}