{
    "file": "wire\/modules\/Fieldtype\/FieldtypeOptions\/SelectableOptionManager.php",
    "textdomain": "wire--modules--fieldtype--fieldtypeoptions--selectableoptionmanager-php",
    "translations": {
        "2d69a46d1c7373516d647ec1636d66fd": {
            "text": "Op\u021biune %d actualizat\u0103"
        },
        "56dc9608d20a7e6e0201b2d25aa76bce": {
            "text": "Op\u021biuni %d actualizate"
        },
        "015bac68292c77ebb2f20e00bb757cc0": {
            "text": "Op\u021biune %d \u0219tears\u0103"
        },
        "21202163b28233f3079e28bcc740d9c0": {
            "text": "Op\u021biuni %d \u0219tearse"
        },
        "9c002c0cfca97d4b668d259317d293b8": {
            "text": "Op\u021biunea %d ad\u0103ugat\u0103"
        },
        "ab233d34b7f1475903d309a223ceecd1": {
            "text": "Op\u021biuni %d ad\u0103ugate"
        }
    }
}