{
    "file": "wire\/modules\/Image\/ImageSizerEngineIMagick\/ImageSizerEngineIMagick.module",
    "textdomain": "wire--modules--image--imagesizerengineimagick--imagesizerengineimagick-module",
    "translations": {
        "cb1c82cfcd691da9c744158115d1ed98": {
            "text": "fi\u0219ierul \u00eenc\u0103rcat '%s' nu este o imagine valid\u0103"
        },
        "fa08346eefc233da84efcce389e121f6": {
            "text": "fi\u0219ierul \u00eenc\u0103rcat '%s' nu este \u00een lista de imagini valide"
        }
    }
}