{
    "file": "wire\/modules\/Fieldtype\/FieldtypeRepeater\/FieldtypeFieldsetPage.module",
    "textdomain": "wire--modules--fieldtype--fieldtyperepeater--fieldtypefieldsetpage-module",
    "translations": {
        "ad59ad3d4d7edf6963e2547a6436effd": {
            "text": "C\u00e2mpuri \u00een set de c\u00e2mpuri"
        },
        "cc50c812a69f0bae59a44a023c8c58b2": {
            "text": "Defini\u021bi c\u00e2mpurile care sunt utilizate de acest set de c\u00e2mpuri. De asemenea, pute\u021bi trage \u0219i plasa c\u00e2mpurile \u00een ordinea dorit\u0103."
        },
        "001059727a69c3158a6716b9430d5d1f": {
            "text": "Set de campuri(pagini)"
        },
        "c1aa12461889e9773f2c053ae68fb817": {
            "text": "Set de c\u00e2mpuri cu c\u00e2mpuri izolate \u00een spa\u021biu de nume separat (pagin\u0103), permi\u021b\u00e2nd reutilizarea c\u00e2mpurilor."
        }
    }
}