{
    "file": "wire\/modules\/Fieldtype\/FieldtypeComments\/FieldtypeComments.module",
    "textdomain": "wire--modules--fieldtype--fieldtypecomments--fieldtypecomments-module",
    "translations": {
        "b9f5c797ebbf55adccdd8539a65a0241": {
            "text": "Dezactivat"
        },
        "b39a035a995fc6597c8eb942210d1527": {
            "text": "Comportament"
        },
        "0c6e8a761530efc7ecfe773a5b5a6f7e": {
            "text": "Niciuna - Comentariile trimise imediat"
        },
        "4f214f3246f03a94773427de4f2e7699": {
            "text": "Toat\u0103 lumea - Toate comentariile trebuie s\u0103 fie aprobate de un utilizator cu privilegii de editare a paginii"
        },
        "d3a76eec189143c6945282d37bd81bb5": {
            "text": "Numai nou - Comentariile de la utilizatori f\u0103r\u0103 comentarii aprobate anterior necesit\u0103 doar aprobare"
        },
        "c98106d2a3b2a0a14016f73894f59d10": {
            "text": "Moderarea comentariilor"
        },
        "18800239150e923984ade45f5e961fbd": {
            "text": "Aceasta determin\u0103 c\u00e2nd un nou comentariu trimis ar trebui s\u0103 apar\u0103 pe site."
        },
        "b7f00c1afdf69f32c12c300c02ac1da7": {
            "text": "Redirec\u021bioneaz\u0103 dup\u0103 trimiterea comentariului?"
        },
        "cea2870f162b18b9ab95c8c84da6d05a": {
            "text": "Dac\u0103 este bifat, ProcessWire va redirec\u021biona dup\u0103 trimiterea comentariului pentru a preveni trimiterile duble. Recomandat."
        },
        "e90234905413e689d67361b8f618b63f": {
            "text": "Salvare t\u0103cut\u0103?"
        },
        "d2c1e7bd67d4253ff76376ed718cf94f": {
            "text": "Dac\u0103 este bifat\u0103, data \u0219i utilizatorul care a modificat pagina nu vor fi \u00eenregistrate pe pagin\u0103 c\u00e2nd este ad\u0103ugat un comentariu."
        },
        "152cae5f743b4ea655ef70fab6684593": {
            "text": "Tipul de notificare"
        },
        "1df95d9b624496ecb2f4158676c98825": {
            "text": "Nu trimite notific\u0103ri"
        },
        "eac16a1e6e640d0fd649262cc154287d": {
            "text": "Trimite\u021bi notific\u0103ri la o anumit\u0103 adres\u0103 de e-mail"
        },
        "56c6193a67167dcdd8befdc1cf3f7958": {
            "text": "Trimite notific\u0103ri utilizatorului care a creat pagina"
        },
        "176686fd5ea38cce85007c58bc91861a": {
            "text": "Trimite notific\u0103ri unui anumit utilizator"
        },
        "a274f4d4670213a9045ce258c6c56b80": {
            "text": "Notific\u0103ri"
        },
        "e3b1a956fff16a2f9b781479bcbea925": {
            "text": "E-mail pentru notific\u0103rile administratorului"
        },
        "f895a3cb718c7d7cacdf08e19c72a19b": {
            "text": "Adres\u0103 de e-mail pentru a fi notificat\u0103 cu privire la ad\u0103ugarea unui nou comentariu. Separa\u021bi mai multe adrese cu virgule sau spa\u021bii"
        },
        "e793b132f67e3437dae254ad00e2cc48": {
            "text": "Utilizatorii care primesc acest e-mail vor avea op\u021biunea de a aproba sau de a refuza comentariile direct din linkurile din e-mail."
        },
        "abf48974ca61ec74f073f2359c29da03": {
            "text": "\u00cen plus fa\u021b\u0103 de (sau \u00een locul) adreselor de e-mail, pute\u021bi utiliza \u0219i una sau mai multe dintre urm\u0103toarele:"
        },
        "d0ffa91c19a6c97eac905834065a48a4": {
            "text": "1.Introduce\u021bi ** utilizator: karen ** pentru a trimite un e-mail unui anumit utilizator, \u00eenlocui\u021bi \"karen\" cu numele de utilizator real."
        },
        "e703c4cbaf0b1030f389f7a3f4c91f34": {
            "text": "2. Introduce\u021bi ** c\u00e2mp: e-mail ** pentru a extrage e-mailul dintr-un c\u00e2mp din pagin\u0103, \u00eenlocui\u021bi \"email\" cu un nume de c\u00e2mp care con\u021bine o adres\u0103 de e-mail."
        },
        "0cf8830f9d1aaf42ad9e178f9af4f3d0": {
            "text": "3: Introduce\u021bi ** 123: email ** pentru a extrage e-mailul dintr-o pagin\u0103 cu ID \u0219i un nume de c\u00e2mp, \u00eenlocui\u021bi \"123\" cu ID-ul paginii e \"email\" cu numele unui c\u00e2mp care con\u021bine adresa de e-mail."
        },
        "be4676f05d7147b99e5addd2b27b6889": {
            "text": "4. Introduceti **\/path\/to\/page:email** pentru a extrage e-mailul dintr-o pagin\u0103 identificat\u0103 prin cale \u0219i numele c\u00e2mpului, \u00eenlocui\u021bi \"\/path\/to\/page\" cu calea paginii e \"email\" cu numele unui c\u00e2mp care con\u021bine adresa de e-mail."
        },
        "f6fdd0b4b152fc4fb6fa144eb7718873": {
            "text": "Notific\u0103ri de la e-mail"
        },
        "a5356041796dfb51e1131f9557cf7225": {
            "text": "Adres\u0103 de e-mail op\u021bional\u0103 care va fi folosit\u0103 ca expeditor al notific\u0103rilor. L\u0103sa\u021bi necompletat pentru a utiliza serverul de e-mail implicit."
        },
        "0ad4c8b2b43eb0c8cfa21dd7571401b5": {
            "text": "Trimite notific\u0103ri de spam prin e-mail ?"
        },
        "ec8fbd0794fa6fafb9061431f9bffa03": {
            "text": "Dac\u0103 este bifat, ProcessWire va trimite \u00een continuare o notificare prin e-mail, chiar dac\u0103 mesajul a fost identificat ca spam."
        },
        "031de71d8bede5de985c354bbd23cdc6": {
            "text": "Permite notific\u0103ri prin e-mail pentru comentatori?"
        },
        "dc8c7869896eed885ca7b7cc73de8e0a": {
            "text": "Aceast\u0103 op\u021biune permite oricui care posteaz\u0103 un comentariu s\u0103 primeasc\u0103 notific\u0103ri prin e-mail pentru comentarii noi."
        },
        "0ad051f48ed2ca988a4b60689eb13ad5": {
            "text": "Gli utenti possono ricevere notifiche email solo per le risposte ai loro commenti."
        },
        "4795eaf7300ae848d67ca8c64cfa357f": {
            "text": "Utilizatorii pot primi notific\u0103ri prin e-mail pentru toate comentariile noi de pe pagin\u0103"
        },
        "e9dfd31cc505d51fc26975250750deab": {
            "text": "="
        },
        "694c233e3c1cf5b97224bd5fcbebb340": {
            "text": "Utiliza\u021bi serviciul de filtrare a spam-ului Akismet?"
        },
        "13df57b389c6175fd742098a67385895": {
            "text": "Acest serviciu va identifica automat majoritatea spamului. \u00cenainte de a-l folosi, asigura\u021bi-v\u0103 c\u0103 a\u021bi introdus o cheie API Akismet valid\u0103 \u00een Formulare> Filtru de comentarii: Akismet."
        },
        "bf31492fe5d4821b483bc7cb8cfe07a3": {
            "text": "Num\u0103rul de zile dup\u0103 care spamul va fi \u0219ters."
        },
        "72fe450a750c9f11bf0531e5395e6e75": {
            "text": "Dup\u0103 num\u0103rul de zile indicat, spamul va fi \u0219ters automat."
        },
        "29c2c02a361c9d7028472e5d92cd4a54": {
            "text": "="
        },
        "9e6530a34353d7610fd5455767b28df4": {
            "text": "Profunzimea r\u0103spunsurilor."
        },
        "1f33bbe656fa140ce52347fb0af13a18": {
            "text": "Indic\u0103 0 pentru comentariile tradi\u021bionale \u00een ordine cronologic\u0103. Pentru comentarii imbricate (comentarii la r\u0103spunsuri) specifica\u021bi ad\u00e2ncimea maxim\u0103 permis\u0103 pentru r\u0103spunsuri (recomandat de la 0 la 4)."
        },
        "9bf3d3d959883d38b84f1990340bff84": {
            "text": "Sorta\u021bi de la cel mai nou la cel mai vechi?"
        },
        "0c9743be855a9e62ab36d4d4eb321932": {
            "text": "\u00cen mod implicit, comentariile vor fi sortate cronologic (de la cel mai vechi la cel mai recent). Pentru a inversa acest comportament, selecta\u021bi acest c\u00e2mp."
        },
        "cba07fe99979c9f01d9c61a39aae3045": {
            "text": "Utiliza\u021bi c\u00e2mpul site-ului din formularul de comentarii?"
        },
        "bb28b3686215b773129c8259cf0e6525": {
            "text": "Dac\u0103 este bifat, formularul de comentarii va include \u0219i un c\u00e2mp pentru site-ul web."
        },
        "b3dc4b8696a26f0852afc3df1785ce24": {
            "text": "Format data\/ora (pentru lista de comentarii)"
        },
        "ea706988dcb6ea169518eb97da49df9d": {
            "text": "Introduce\u021bi formatul de dat\u0103\/ora pentru ie\u0219irea listei de comentarii. Poate fi \u00een format PHP [date](http:\/\/php.net\/manual\/en\/function.date.php) sau [strftime](http:\/\/php.net\/manual\/en\/function.strftime.php). Poate fi \u0219i \"relativo\" pentru formatul de dat\u0103 relativ."
        },
        "9fbc91b8ace5ac4afdc754d6d81d1f28": {
            "text": "Permite votul pentru comentarii?"
        },
        "3ffa920a9c00477904f187e62f9d8582": {
            "text": "Votarea comentariilor permite vizitatorilor s\u0103 evalueze comentariile pozitiv sau negativ. Num\u0103rul de voturi va fi afi\u0219at l\u00e2ng\u0103 fiecare comentariu. Un singur vot pozitiv\/negativ este permis prin comentariu, dup\u0103 adresa IP, deocamdat\u0103."
        },
        "2d020e5cbf014a734c83323e430afce0": {
            "text": "Dezactiva\u021bi votul"
        },
        "e344d6ca196c888a521047effab607b3": {
            "text": "Permite votul pozitiv"
        },
        "3404fab8f99ccde53b123699711e6b6c": {
            "text": "Activa\u021bi votul pozitiv \u0219i negativ"
        },
        "40e8db84e220fe9c816eb334d1b42a70": {
            "text": "Utiliza\u021bi ratingul cu stele?"
        },
        "00837cdf48d92331ec9c355847ed9ef5": {
            "text": "Evaluarea cu stele permite comentatorului s\u0103 evalueze subiectul comentat, pe o scar\u0103 de la 1 la 5 stele."
        },
        "924daa0b046449bd4fb99af3c97b5f2b": {
            "text": "Pentru a schimba steaua implicit\u0103 utilizat\u0103 pentru ie\u0219ire (de asemenea, HTML este bine):"
        },
        "359310b90581d6b9baa3cdccc10607b2": {
            "text": "Da (evaluare cu stele op\u021bional\u0103)"
        },
        "806e88271605e15a20e9d6d47673f42e": {
            "text": "Da (se cere evaluarea cu stele)"
        },
        "b70aad8c6cb77fde247be00630d7f5ef": {
            "text": "G: indicat a fi afi\u0219at pe site-uri cu orice tip de public."
        },
        "8e25a98f71c3244890fa8ecf2230fe18": {
            "text": "PG: poate con\u021bine gesturi grosolane, indivizi \u00eembr\u0103ca\u021bi provocator, blasfemie minori sau violen\u021b\u0103 u\u0219oar\u0103."
        },
        "2900074213d129e33d5d4b6e74076f29": {
            "text": "R: poate con\u021bine lucruri precum blasfemie, violen\u021b\u0103 intens\u0103, nuditate sau consum intens de droguri."
        },
        "043cab853d189bb505d101c3c7ab3176": {
            "text": "X: poate con\u021bine imagini puternice din punct de vedere sexual sau violen\u021b\u0103 extrem de tulbur\u0103toare."
        },
        "a4949d12f429ca4af2feb4e30c1e84e4": {
            "text": "Folose\u0219te Gravatar?"
        },
        "c5fce56aee82d2bc007cbf213998945b": {
            "text": "Acest serviciu ofer\u0103 o imagine avatar pentru fiecare comentariu (unic\u0103 pe adres\u0103 de e-mail). Pentru a-l activa, alege\u021bi ratingul maxim gravatar. Acestea sunt acelea\u0219i cu evalu\u0103rile filmelor, unde G este cel mai potrivit pentru familii, \u00een timp ce X nu este."
        },
        "e9f6051c655ca4a6773af3f2d8458815": {
            "text": "Evaluarea descrierilor oferite de [Gravatar](https:\/\/en.gravatar.com\/site\/implement\/images\/)."
        },
        "82829c5912f395b029a87c565359835c": {
            "text": "Formatatoare de text"
        },
        "53a682f62e65f496a659d3a12c754f75": {
            "text": "Op\u021bional, alege\u021bi unul sau mai multe formatoare de text pentru a fi aplicate textului de comentariu, \u00een ordinea selectat\u0103. Dac\u0103 nu alege\u021bi unul, atunci textul va fi codificat cu entit\u0103\u021bi HTML, marcatorii de linie vor fi converti\u021bi \u00een etichete <br> \u0219i rezultatul va fi plasat \u00eentr-o etichet\u0103<p>."
        },
        "81958f1863ae9ebb74b7a23cbf0dbd78": {
            "text": "Avertisment: numai formatatoarele de text care sunt sigure pentru utilizare cu introducerea anonim\u0103 a utilizatorului, cum ar fi Entity Encored (core) sau Text Restricted (ter\u021b). Dac\u0103 nu sunte\u021bi sigur, atunci nu alege\u021bi nimic aici, deoarece alegerea ar putea fi gre\u0219it\u0103. o problem\u0103 de siguran\u021b\u0103."
        },
        "b672f52ade975e864ae6b58722c03689": {
            "text": "Implementarea"
        },
        "309ccca9b8ae5408ee15a28c2bd2c9c2": {
            "text": "Aceast\u0103 sec\u021biune este pentru a v\u0103 ajuta s\u0103 \u00eencepe\u021bi s\u0103 afi\u0219a\u021bi comentarii pe partea frontal\u0103 a site-ului dvs. Totul aici este op\u021bional."
        },
        "c0cf19f012781de14679b0d857fe4cbd": {
            "text": "Dac\u0103 utiliza\u021bi un sistem de stocare \u00een cache pentru ie\u0219ire, configura\u021bi-l s\u0103 ocoleasc\u0103 memoria cache atunci c\u00e2nd este variabil\u0103 GET \"comment_success\" este prezent."
        },
        "e2ee73419f58949b9fdfb97f23a8a6ac": {
            "text": "Cod PHP pentru a vizualiza comentariile."
        },
        "2b961475041b8a085eae4ed1a597f76a": {
            "text": "CSS pentru afi\u0219area comentariilor \u00een front-end."
        },
        "4a08db526853d7aa35400a97c968e60d": {
            "text": "JS pentru afi\u0219area comentariilor \u00een front-end."
        },
        "cf5bd74bd24d341a63cdcf36fba20dbb": {
            "text": "Ai evaluat deja acest comentariu"
        },
        "511c09f7e853bcc074d29ba36a8da7f7": {
            "text": "Eroare la \u00eenregistrarea votului"
        },
        "8413c683b4b27cc3f4dbd4c90329d8ba": {
            "text": "Comentarii"
        },
        "a27c92ebebda4931039636893b5c716d": {
            "text": "C\u00e2mp care grupeaz\u0103 comentariile postate de utilizatori pentru o singur\u0103 pagin\u0103."
        },
        "1f2f44c370f66e4d06d25042e93e39c1": {
            "text": "Dezactivat"
        },
        "13bf9d7a10643fcd246e4c242499f945": {
            "text": "Permite\u021bi textul comentariilor \u00een notific\u0103ri?"
        },
        "898ded7b2375a02a2642e39971e59cd3": {
            "text": "C\u00e2nd este bifat, \u00eentregul text al comentariului va ap\u0103rea \u0219i \u00een e-mailurile de notificare, mai degrab\u0103 dec\u00e2t doar un link c\u0103tre acesta."
        }
    }
}