{
    "file": "wire\/modules\/AdminTheme\/AdminThemeDefault\/default.php",
    "textdomain": "wire--modules--admintheme--adminthemedefault--default-php",
    "translations": {
        "9cfefed8fb9497baa5cd519d7d2bb5d7": {
            "text": "="
        },
        "0323de4f66a1700e2173e9bcdce02715": {
            "text": "="
        },
        "aa0e46d2e05217acb9d70a1bbb546845": {
            "text": "PENTRU TRADUC\u0102TORI: traduce\u021bi fi\u0219ierul \/wire\/templates-admin\/default.php anzich\u00e9 acesta."
        }
    }
}