{
    "file": "wire\/templates-admin\/default.php",
    "textdomain": "wire--templates-admin--default-php",
    "translations": {
        "453aceb005ceaf54a47da15fee8b2a26": {
            "text": "Pagini"
        },
        "ad2376beebecdcf7846ba973fa1a005b": {
            "text": "Instalare"
        },
        "bf17ac149e2e7a530c677e9bd51d3fd2": {
            "text": "Module"
        },
        "bf733d8a933c1601697f364223fc7ecb": {
            "text": "Acces"
        },
        "e3afed0047b08059d0fada10f400c1e5": {
            "text": "Administrator"
        },
        "a7d6475ec8993b7224d6facc8cb0ead6": {
            "text": "Site-ul"
        },
        "4cfa6c981549e990fe2344e4c805405e": {
            "text": "Gaseste"
        },
        "5e248eb2e87e649e91cc3168e20adf90": {
            "text": "Vizualiza\u021bi site-ul"
        },
        "3a08e2e340ab29fd9263af48193cbf8e": {
            "text": "Limba"
        },
        "f9aae5fda8d810a29f12d1e61b4ab25f": {
            "text": "Utilizatori"
        },
        "a5cd3ed116608dac017f14c046ea56bf": {
            "text": "Roluri"
        },
        "d08ccf52b4cdd08e41cfb99ec42e0b29": {
            "text": "Permisiuni"
        },
        "7df96b18c230f90ada0a9e2307226338": {
            "text": "Template"
        },
        "a4ca5edd20d0b5d502ebece575681f58": {
            "text": "Campuri"
        },
        "de9ced9bf5e9829de4a93ad8c9d7a170": {
            "text": "Adauga Nou"
        },
        "b2d37ae1cedf42ff874289b721860af2": {
            "text": "Jurnale"
        },
        "7dce122004969d56ae2e0245cb754d35": {
            "text": "Modifica"
        },
        "7a69d6b27362b48011a2a09c56e04bce": {
            "text": "Marcaje"
        },
        "b2a54cbbf075b72ad60f3d2afc27e996": {
            "text": "Editare pagin\u0103"
        },
        "c43a3544f4b6646216ab7fe6020b84b2": {
            "text": "Lista pagini"
        },
        "cce99c598cfdb9773ab041d54c3d973a": {
            "text": "Profil"
        },
        "0323de4f66a1700e2173e9bcdce02715": {
            "text": "Delogare"
        },
        "3b0c14770e6bd663518496da60f524da": {
            "text": "Ramuri"
        }
    }
}