{
    "file": "wire\/modules\/LanguageSupport\/LanguageParser.php",
    "textdomain": "wire--modules--languagesupport--languageparser-php",
    "translations": {
        "13a827b23bd3064a782e5e9589428db9": {
            "text": "text la singular"
        },
        "193b25fbcad1c2bb7704cd3adb3007ce": {
            "text": "text la plural"
        },
        "8e0c4e984dbb4b30a86c232b15df8490": {
            "text": "ori"
        },
        "d89a4804c1d11081f0d76904df2b2664": {
            "text": "=> '>', '__(' => '_', '_n(' => 'n', '_x(' => 'x"
        }
    }
}