{
    "file": "wire\/modules\/Process\/ProcessRecentPages\/ProcessRecentPages.module",
    "textdomain": "wire--modules--process--processrecentpages--processrecentpages-module",
    "translations": {
        "fda27fd4e8f31d46c37d6ebb661d4975": {
            "text": "(Ancora) nicio pagin\u0103 nu se potrive\u0219te (\u00eenc\u0103)"
        },
        "0f1af93a396987467471642622b4f372": {
            "text": "Aceast\u0103 caracteristic\u0103 necesit\u0103 permisiunea pentru page-lister"
        },
        "0cd816a2b17a6fd85120a4ffc417ef52": {
            "text": "Pagini recente"
        },
        "e8ec3c5a66a1458617d385c211485937": {
            "text": "Pagini create recent de %s"
        },
        "6164ab6f0d40bf0dbb4d016d70f22451": {
            "text": "Pagini create recent"
        },
        "0fa9b1da7af6dc7c17300d2696d4e840": {
            "text": "Pagini schimbate recent de %s"
        },
        "727d0685214d2e29837bf220bd336876": {
            "text": "Pagini modificate \u00een ultima vreme"
        },
        "854a4e1057837e016fa0fd26de810760": {
            "text": "Adaug\u0103 altul"
        },
        "587e304d5de9c56ac7833cb11fbbbcf9": {
            "text": "Face\u021bi clic pe orice element pentru a ad\u0103uga unul de acela\u0219i tip"
        },
        "67ed6ddb7d890b23166c1bef771e9451": {
            "text": "Modificate"
        },
        "0eceeb45861f9585dd7a97a3e36f85c6": {
            "text": "Create"
        },
        "2ff3c4fe971c877ac58d0d2ae6d21a1f": {
            "text": "Modificate de mine"
        },
        "1914dedd048465ec232e765349041af5": {
            "text": "Create de mine"
        },
        "47d881f2691b3fe7e1aa6ddd1d9362fa": {
            "text": "Pagina"
        },
        "615d41dc9054191178b392de366b7168": {
            "text": "Parinte"
        },
        "df286bfb6dd8fa62b0271fac208797fe": {
            "text": "Sablon"
        },
        "848656e110ec0bd90b47b5bf7c961c95": {
            "text": "Creata"
        },
        "872db811a5e431cc819ba322361af380": {
            "text": "Modificata"
        },
        "7a194bb4dc7991f70455c1068bc10d94": {
            "text": "Ultima creata"
        }
    }
}