{
    "file": "wire\/modules\/Process\/ProcessPageType\/ProcessPageType.module",
    "textdomain": "wire--modules--process--processpagetype--processpagetype-module",
    "translations": {
        "49ee3087348e8d44e1feda1917443987": {
            "text": "Nume"
        },
        "de9ced9bf5e9829de4a93ad8c9d7a170": {
            "text": "Adaugare noua"
        },
        "89872ab3eb9af52f34b4dd82077758fc": {
            "text": "Filtra\u021bi dup\u0103 \u0219ablon"
        },
        "8cd0d0c99b062b3d22e8c7188ba33ab2": {
            "text": "Arata tot"
        },
        "6a5b847af3d97df722040debdbccfbed": {
            "text": "="
        },
        "3d10fda1b8b9895bade8da5233636cbf": {
            "text": "Listeaz\u0103, Editeaz\u0103 \u0219i Adaug\u0103 o pagin\u0103 de un anumit tip"
        },
        "bce455aa81509f2a4dbb9acb3581a0be": {
            "text": "Ce c\u00e2mpuri ar trebui s\u0103 fie afi\u0219ate \u00een lista de pagini ?"
        },
        "9f8f70e6d54311627f02da284603db7a": {
            "text": "Nimic de afisat."
        }
    }
}