{
    "file": "wire\/modules\/PagePaths.module",
    "textdomain": "wire--modules--pagepaths-module",
    "translations": {
        "d6fee4e5741568290c0f4c4edc81f70f": {
            "text": "Calea %d a fost actualizat\u0103"
        },
        "b198072961bf47ed9c790c1006f98372": {
            "text": "%d rute actualizate"
        },
        "0e620fb070fcc5279681b61f5720fb6e": {
            "text": "V\u0103 rug\u0103m s\u0103 dezinstala\u021bi modulul Core > PagePaths (nu este compatibil cu LanguageSupportPageNames)"
        }
    }
}