{
    "file": "wire\/modules\/Inputfield\/InputfieldHidden.module",
    "textdomain": "wire--modules--inputfield--inputfieldhidden-module",
    "translations": {
        "689202409e48743b914713f96d93947c": {
            "text": "Valoare"
        },
        "1758cb96bcb06c04bd244697d51ed7dd": {
            "text": "Valoare care trebuie completat\u0103 \u00een acest c\u00e2mp ascuns."
        },
        "7acdf85c69cc3c5305456a293524386e": {
            "text": "Necunoscut"
        },
        "82a84988fe9847b174ab13ccd822f53c": {
            "text": "Valoare ascuns\u0103 \u00eentr-un form"
        }
    }
}