{
    "file": "wire\/modules\/AdminTheme\/AdminThemeDefault\/AdminThemeDefaultHelpers.php",
    "textdomain": "wire--modules--admintheme--adminthemedefault--adminthemedefaulthelpers-php",
    "translations": {
        "5e248eb2e87e649e91cc3168e20adf90": {
            "text": "Vezi Site"
        },
        "cce99c598cfdb9773ab041d54c3d973a": {
            "text": "Profilu"
        },
        "0323de4f66a1700e2173e9bcdce02715": {
            "text": "="
        },
        "de9ced9bf5e9829de4a93ad8c9d7a170": {
            "text": "Adauga nou"
        },
        "aa0e46d2e05217acb9d70a1bbb546845": {
            "text": "PENTRU TRADUC\u0102TORI: traduce\u021bi fi\u0219ierul \/wire\/templates-admin\/default.php anzich\u00e9 acesta."
        },
        "3b0c14770e6bd663518496da60f524da": {
            "text": "Tree"
        },
        "7421d68c70dfc346497573bf4e08acc5": {
            "text": "Instrumente pentru modul de depanare"
        }
    }
}