{
    "file": "wire\/modules\/Session\/SessionHandlerDB\/SessionHandlerDB.module",
    "textdomain": "wire--modules--session--sessionhandlerdb--sessionhandlerdb-module",
    "translations": {
        "6514b2122a2e569491dccb69eebe383c": {
            "text": "Bifarea acestei casete va permite ca datele s\u0103 fie afi\u0219ate \u00een lista de sesiuni de administrator."
        },
        "262f42ad28e2d01d7dc5afa698716099": {
            "text": "Urm\u0103ri\u021bi adresele IP \u00een datele de sesiune?"
        },
        "ab5b4b2116f61fda9325e6deb591bb8f": {
            "text": "Urm\u0103ri\u021bi agentul utilizator \u00een datele de sesiune?"
        },
        "703fdc8134134754f6630df73ee50572": {
            "text": "Agentul utilizator con\u021bine de obicei informa\u021bii despre browserul utilizat."
        },
        "ba361c497e1c5943748b4df7933d353f": {
            "text": "Nu permite\u021bi sesiunile paralele?"
        },
        "34fde9e07a3a1cae09017ec0a9ae2c31": {
            "text": "C\u00e2nd este activat\u0103, autentificarea cu succes expir\u0103 toate celelalte sesiuni pentru acel utilizator pe alte dispozitive\/browsere."
        },
        "d95cdb1f2c4fd9c3c22f548068589fa3": {
            "text": "Bifarea acestei casete va permite o singur\u0103 sesiune pentru un utilizator conectat la un moment dat."
        },
        "38c612b0c7404dbf10629354dfc1ec43": {
            "text": "Timp de blocare a sesiunii (secunde)"
        },
        "b0736da4c0683db9382ba750a5f0073b": {
            "text": "Dac\u0103 o blocare DB pentru sesiune nu poate fi ob\u021binut\u0103 \u00een at\u00e2tea secunde, va fi trimis\u0103 o eroare \u201e%s\u201d, spun\u00e2ndu-i clientului s\u0103 re\u00eencerce \u00een %d secunde."
        },
        "c1ab83af87ac0bb0dab8511d14260c73": {
            "text": "429: Prea multe cereri"
        },
        "8883240d9c18322fd43dfd39c8b32e14": {
            "text": "Sesiunea anterioar\u0103 de conectare pentru \u201e%s\u201d a fost eliminat\u0103\/deconectat\u0103."
        }
    }
}