{
    "file": "wire\/modules\/Inputfield\/InputfieldPageAutocomplete\/InputfieldPageAutocomplete.module",
    "textdomain": "wire--modules--inputfield--inputfieldpageautocomplete--inputfieldpageautocomplete-module",
    "translations": {
        "111ce57a33643818f896c8ef5b78f923": {
            "text": "Ap\u0103sa\u021bi enter pentru a ad\u0103uga un articol nou"
        },
        "5bd9a3b9fd04ef31e99e96b10ce5ac5f": {
            "text": "Operator de c\u0103utare cu completare automat\u0103"
        },
        "a711451766d79a07ee817f88cb63ca56": {
            "text": "Operatorul de c\u0103utare care este utilizat \u00een API atunci c\u00e2nd exist\u0103 o potrivire."
        },
        "ddc1a98a2c8309eab3292b5fda7e0506": {
            "text": "Dac\u0103 nu sunte\u021bi sigur ce dori\u021bi, p\u0103r\u0103si\u021bi setarea default: *="
        },
        "b956d301c10771357a356a80d9f0d3a5": {
            "text": "C\u00e2mpuri de verificat pentru completare automat\u0103"
        },
        "8fdfe6e949b4c07d26317e3e2f99a14d": {
            "text": "C\u00e2mpul de text indexat include:"
        },
        "0e942985459c2961ee2ddd03061475e4": {
            "text": "Pagina de completare automat\u0103"
        },
        "f2f3cd9d4e91a577333b66f5818b9d3b": {
            "text": "Selectarea mai multor pagini folosind completarea automat\u0103 \u0219i sortarea. Destinat ca un c\u00e2mp de intrare pentru c\u00e2mpurile de referin\u021b\u0103 ale paginii."
        },
        "8d217dc9693abc1d1094fbc2c06a5605": {
            "text": "Element nou:"
        },
        "b167d45586a5cb2582394b5ec1545065": {
            "text": "Introduce\u021bi numele c\u00e2mpurilor pentru care ar trebui s\u0103 fie interogat textul pentru potriviri de completare automat\u0103."
        },
        "6429d0ba1de3ee46f49581535ac36cf4": {
            "text": "Introduce\u021bi numele c\u00e2mpurilor pentru care ar trebui s\u0103 fie interogat textul pentru potriviri de completare automat\u0103."
        },
        "db47517eeed0761aad011565e44e8390": {
            "text": "Re\u021bine\u021bi c\u0103 acesta este diferit de \u201ec\u00e2mpul de etichet\u0103\u201d deoarece specifica\u021bi ce c\u00e2mpuri vor fi c\u0103utate, nu ce c\u00e2mpuri vor fi afi\u0219ate."
        }
    }
}