{
    "file": "wire\/modules\/Process\/ProcessField\/ProcessField.module",
    "textdomain": "wire--modules--process--processfield--processfield-module",
    "translations": {
        "c9cc8cce247e49bae79f15173ce97354": {
            "text": "Salvat"
        },
        "8cd0d0c99b062b3d22e8c7188ba33ab2": {
            "text": "Arata tot"
        },
        "f3f43e30c8c7d78c6ac0173515e57a00": {
            "text": "Filtre"
        },
        "410267bd4e3c99784bab90c5e64b5209": {
            "text": "C\u00e2nd este selectat, vor fi afi\u0219ate numai c\u00e2mpurile unui anumit \u0219ablon. C\u00e2mpurile implicite sunt afi\u0219ate \u0219i atunci c\u00e2nd sunt filtrate de un \u0219ablon. Asteriscul (*) indic\u0103 \u0219abloanele de sistem."
        },
        "363746a770985e537565b276b37c438e": {
            "text": "Afi\u0219area c\u00e2mpurilor \u0219ablon: %s"
        },
        "a81c2112e97c64099ff86d5b97cb13c6": {
            "text": "C\u00e2mpuri pentru \u0219ablon"
        },
        "db2b4f5915e2053955edfec38776a17f": {
            "text": "Quando specificato, solo i campi del tipo selezionato saranno mostrati. Anche i campi predefiniti sC\u00e2nd este specificat, vor fi afi\u0219ate numai c\u00e2mpurile de tipul selectat. C\u00e2mpurile implicite vor fi afi\u0219ate \u0219i la filtrarea dup\u0103 tipul de c\u00e2mparanno mostrati quando si filtra per tipo di campo."
        },
        "cca90d2e0854b62dc0c77ad0e1679be4": {
            "text": "Afi\u0219eaz\u0103 c\u00e2mpuri de tip: %s"
        },
        "2a7b956033d031e555889f8ddd52754f": {
            "text": "C\u00e2nd este selectat, vor fi afi\u0219ate c\u00e2mpurile implicite. C\u00e2mpurile de sistem \u0219i c\u00e2mpurile persistente sunt de asemenea incluse. C\u00e2mpurile de sistem sunt solicitate de ProcessWire \u0219i nu pot fi modificate. C\u00e2mpurile permanente sunt acele c\u00e2mpuri care nu pot fi eliminate dintr-un \u0219ablon. Aceste c\u00e2mpuri sunt utilizate intern de ProcessWire."
        },
        "288fc0452049b753c8a75464d299ffe3": {
            "text": "Niciun c\u00e2mp nu se potrive\u0219te cu filtrul dvs"
        },
        "4ac3deb7dc60a1b4770ad126c84171f7": {
            "text": "Indic\u0103 faptul c\u0103 urm\u0103torul c\u00e2mp suprascrie \u00een prezent o valoare implicit\u0103. Set\u0103rile pe care le specifica\u021bi \u00een acest ecran \u00eenlocuiesc set\u0103rile implicite numai atunci c\u00e2nd sunt utilizate \u00een \u0219ablon \"%s\"."
        },
        "c64f8a38fc13441f6cc860a4cbae887a": {
            "text": "\u015eterge c\u00e2mpul"
        },
        "8bcb61f8472471a1619f7bd55e2c9ad2": {
            "text": "Acest c\u00e2mp nu este utilizat \u0219i, prin urmare, este sigur de \u0219ters."
        },
        "1fa78a97c113bed4e867ec21d9ca918f": {
            "text": "Acest c\u00e2mp nu poate fi \u0219ters, deoarece este folosit \u00een unul sau mai multe \u0219abloane."
        },
        "ab2e4f95a7971ee8077df62efa20d437": {
            "text": "Dup\u0103 selectarea \u0219i salvarea tipului de c\u00e2mp poate fi afi\u0219at cu op\u021biuni suplimentare, specifice tipului de c\u00e2mp pe care l-a\u021bi selectat.."
        },
        "219befd28b6f70d6d0a52f13c6b93772": {
            "text": "Aceasta este eticheta care apare deasupra intr\u0103rii c\u00e2mpului. Dac\u0103 este l\u0103sat necompletat, numele va fi folosit."
        },
        "d421f74dd8c605a337e57a6224f23478": {
            "text": "Informa\u021bii suplimentare care descriu acest c\u00e2mp \u0219i \/sau instruc\u021biuni despre cum s\u0103 introduce\u021bi con\u021binutul."
        },
        "983f66857047c1e6fc8878e54c5c9939": {
            "text": "Duplica\u021bi \/ clona\u021bi acest c\u00e2mp?"
        },
        "89e1299f98120a24c999cdffa860d2cb": {
            "text": "C\u00e2mp eliberat"
        },
        "7d09843a01448bd5ac4ad4bcfb2c388e": {
            "text": "Numele c\u00e2mpului este obligatoriu"
        },
        "a9c97bb1362d6960df5b6489b9454678": {
            "text": "Tipul c\u00e2mpului este obligatoriu"
        },
        "584afda122df1e41e3a533afdc1b3f6e": {
            "text": "C\u00e2mp ad\u0103ugat"
        },
        "d4a2d56009360cb3a587f17538631ce9": {
            "text": "C\u00e2mp salvat"
        },
        "2f449cde553921e24ebc7b252209b1dc": {
            "text": "Camp clonat"
        },
        "f2b83b9c6e7b4b10852e2920effd3433": {
            "text": "Eroare la crearea unei clone pentru acest c\u00e2mp."
        },
        "e49f1e280534321564ea8d40be20e4d0": {
            "text": "S-a schimbat tipul pentru c\u00e2mp: %s"
        },
        "a3d843d337eabebe3e81df9bfef414ea": {
            "text": "S-a schimbat tipul c\u00e2mpului de la \"%1$s\" la \"%2$s\""
        },
        "7d04592612713885f95f51cca38d5708": {
            "text": "Re\u021bine\u021bi c\u0103 schimbarea tipului c\u00e2mpului \u00eenseamn\u0103 modificarea schemei din baza de date. Dac\u0103 noul tip de c\u00e2mp nu este compatibil cu cel vechi sau are o schem\u0103 foarte diferit\u0103, poate exista pierderi de date. Prin urmare, este recomandabil s\u0103 face\u021bi o copie de rezerv\u0103 a bazei de date \u00eenainte de a schimba tipul c\u00e2mpului."
        },
        "cc84c47ce264c6a27bd49ff004d4c555": {
            "text": "Confirma\u021bi modificarea tipului de c\u00e2mp"
        },
        "c2311f219b7dc0a845a537a7a26fa8b3": {
            "text": "Dac\u0103 sunte\u021bi sigur c\u0103 dori\u021bi s\u0103 schimba\u021bi tipul c\u00e2mpului, selecta\u021bi caseta de mai jos \u0219i trimite\u021bi acest formular."
        },
        "c2fd10d6fa7d3e1e8bd7c83de24c4d95": {
            "text": "A fost anulat\u0103 modificarea tipului c\u00e2mpului"
        },
        "b3dd3da27d2927b5c36e28d771388c7d": {
            "text": "Tipul c\u00e2mpului s-a schimbat"
        },
        "a4ca5edd20d0b5d502ebece575681f58": {
            "text": "C\u00e2mpuri"
        },
        "4b2bcb0478b24201a7d60fed561d1b42": {
            "text": "Edita\u021bi c\u00e2mpurile individuale care con\u021bin date de pagin\u0103"
        },
        "7cdb55d0d84a64ee84c14621892d8e10": {
            "text": "Ritorna alla lista di campi dopo aver salvato il campo?"
        },
        "503eff76a9f0b3c0c78997aa4370e2f0": {
            "text": "\u00cen mod implicit, ve\u021bi r\u0103m\u00e2ne \u00een editorul de c\u00e2mpuri dup\u0103 ce \u00eel salva\u021bi. Dac\u0103 dori\u021bi s\u0103 reveni\u021bi la lista de c\u00e2mpuri, selecta\u021bi aceast\u0103 caset\u0103."
        },
        "0b6c421579ca54de1ee2d79df5df6f05": {
            "text": "Nume"
        },
        "83cfa166d441c1b47108e5d6b3f21cbe": {
            "text": "Eticheta"
        },
        "516a15631804c8878a63ecc155a067fa": {
            "text": "Tip"
        },
        "678cad4866392ed0961cbce7d6ff550d": {
            "text": "\u00cenc\u0103rcare automat\u0103"
        },
        "f44c0dcd3537024ab1be348dffe383de": {
            "text": "sistem"
        },
        "d665a1b10e02b9de8f4115d5b7078976": {
            "text": "Ad\u0103uga\u021bi un c\u00e2mp nou"
        },
        "dcd217d86ebc19480f6602a1835f440d": {
            "text": "Editare c\u00e2mp: %s"
        },
        "f98b1dd6f292ac2dfa3f8b0f9a8df9b0": {
            "text": "Ad\u0103uga\u021bi un c\u00e2mp nou"
        },
        "1f2b73286f18ea71c594652199e86dff": {
            "text": "Annulare"
        },
        "a90b5efafea041e94da7fffd2bd530a3": {
            "text": "Baza"
        },
        "9ea1f3769ad9c72e3ebf7de539b53aa1": {
            "text": "Descriere"
        },
        "3be3efa6643b5a3f2af79ace0a5145c4": {
            "text": "Avansat"
        },
        "4cca2a863deef0fc4de9115b9164537b": {
            "text": "Ne etichetat"
        },
        "3df354a032179f36ea493c3df6643ce1": {
            "text": "Dac\u0103 dori\u021bi s\u0103 grupa\u021bi vizual acest c\u00e2mp cu altele din list\u0103, introduce\u021bi un cuv\u00e2nt (etichet\u0103). Introduce\u021bi aceea\u0219i etichet\u0103 \u00een celelalte c\u00e2mpuri pe care dori\u021bi s\u0103 le grupa\u021bi. Pentru a specifica mai multe etichete, separa\u021bi-le cu un spa\u021biu. Utilizarea etichetelor este util\u0103 dac\u0103 site-ul dvs. are un num\u0103r mare de c\u00e2mpuri."
        },
        "72d6d7a1885885bb55a565fd1070581a": {
            "text": "Importa"
        },
        "0095a9fa74d1713e43e370a7d7846224": {
            "text": "Exporta"
        },
        "113304cf8780906880d1e29935deab16": {
            "text": "atunci c\u00e2nd este utilizat cu \u0219ablonul: %s"
        },
        "94f0fa1e6b7f766dc6432b4d8fd960ae": {
            "text": "Verifica\u021bi c\u00e2mpul afi\u0219at:"
        },
        "64348e0f887e58c6002080b6153add90": {
            "text": "g\u0103sit %d linii orfane"
        },
        "4fd5d5323fc3d2535f351e46ba740d3c": {
            "text": "...\u0219i a\u0219a mai departe..."
        },
        "f46277b28f420e695210233a9f1401fc": {
            "text": "Rula\u021bi \"Ac\u021biuni> Verifica\u021bi datele c\u00e2mpului\" pe c\u00e2mp %s"
        },
        "bd5aef6293f875aa908466a69c08a14a": {
            "text": "Nu au fost g\u0103site probleme acest camp %s"
        },
        "8334c41e37dbbfb061177998028c6d0d": {
            "text": "Propriet\u0103\u021bi necunoscute"
        },
        "50092a77c044bc5d91bb703429c29157": {
            "text": "Urm\u0103toarele propriet\u0103\u021bi au fost g\u0103site cu acest c\u00e2mp f\u0103r\u0103 acces \u00een timpul configur\u0103rii. Uneori, acest lucru poate indica faptul c\u0103 propriet\u0103\u021bile nu mai sunt utilizate. Bifa\u021bi caseta de l\u00e2ng\u0103 fiecare proprietate pe care dori\u021bi s\u0103 o elimina\u021bi. Dac\u0103 nu sunte\u021bi sigur, l\u0103sa\u021bi-le aici nu va face r\u0103u."
        },
        "b2ab31c6f8fbc066d4840baa6c081821": {
            "text": "Propriet\u0103\u021bi poten\u021biale necunoscute g\u0103site \u00een acest domeniu. Verifica\u021bi cardul \"Alert\"."
        },
        "292694f229d9162dd0a6510ff0745d4f": {
            "text": "Elimina\u021bi %d r\u00e2nduri orfane din tabel?"
        },
        "d94836b689b2cd95f920084c5f27e770": {
            "text": "Au fost g\u0103site r\u00e2nduri \u00een tabel pentru acest c\u00e2mp care nu se potrivesc cu nicio pagin\u0103 sau se potrivesc cu pagini care nu au acest c\u00e2mp."
        },
        "cca387b459a5b38bdc63657a1c52c82b": {
            "text": "\u00cenlocuit de \u0219ablon"
        },
        "0ca08f8f4a8a19f7f1ae87c119494327": {
            "text": "Substituit"
        },
        "b98e1358fd47b54afceecd12ace8e18c": {
            "text": "Urm\u0103toarele set\u0103ri sunt \u00eenlocuite pentru acest c\u00e2mp cu \u0219ablonul indicat. Bifa\u021bi caseta din dreapta fiec\u0103rei linii pentru a elimina setarea de anulare (restaur\u00e2nd valoarea ini\u021bial\u0103)."
        },
        "4eea024c6b0c3cd104fe2b37edf668f9": {
            "text": "Set\u0103ri de \u00eenlocuire pentru \u0219ablon: %s"
        },
        "7d10eb77b41ac086ecfca9a7d417b1c6": {
            "text": "Set\u0103ri de \u00eenlocuire pentru \u0219ablon"
        },
        "62d09c342e50351059153e99a2fdbb47": {
            "text": "Pentru a modifica o setare de anulare sau a \u00eenlocui alte set\u0103ri, edita\u021bi orice \u0219ablon \u0219i face\u021bi clic pe c\u00e2mpul de nume din lista de c\u00e2mpuri."
        },
        "158b56553ee2e91623b2568e46a4fb82": {
            "text": "Cloneaz\u0103 c\u00e2mpul existent"
        },
        "64a747bce9561ce24781600d47b1cd66": {
            "text": "Note de utilizare sau informa\u021bii suplimentare care apar sub intrare."
        },
        "d3528910cb9ca888a0c859b37fe3cb28": {
            "text": "Notele apar aici \u0219i arat\u0103 astfel."
        },
        "c32404a847502e9920d7582aa7fcd811": {
            "text": "Ad\u0103uga\u021bi sau elimina\u021bi c\u00e2mpuri din \u0219ablon."
        },
        "bd4e327785b1573fd5108da2d97210b5": {
            "text": "Acest c\u00e2mp este utilizat \u00een \u0219abloanele selectate mai jos."
        },
        "1abe66d94bd2d1029f681142e99454a3": {
            "text": "Acest c\u00e2mp nu este utilizat \u00een prezent \u00een niciun \u0219ablon."
        },
        "50a4257e8c785ebeb46a186bb2c3e08e": {
            "text": "Pute\u021bi ad\u0103uga sau elimina rapid acest c\u00e2mp din \u0219abloane select\u00e2nd sau deselect\u00e2nd c\u00e2mpurile relevante \u0219i f\u0103c\u00e2nd clic pe Salvare."
        },
        "8e4fd886f63504810bb594b41a48d32b": {
            "text": "Vi se va cere s\u0103 confirma\u021bi ad\u0103ug\u0103rile \u0219i elimin\u0103rile pe urm\u0103torul ecran dup\u0103 salvare."
        },
        "5920c0593225b73a0d667fe26c95d0f7": {
            "text": "%d \u0218abloanele de sistem nu sunt afi\u0219ate deoarece modul avansat este dezactivat."
        },
        "4debafe5cde021385dce21b063054b59": {
            "text": "Pentru a clona acest c\u00e2mp, introduce\u021bi numele noului c\u00e2mp pe care dori\u021bi s\u0103 \u00eel crea\u021bi."
        },
        "ff0d9fae2d1ae47cb2e3c16ce883ed4e": {
            "text": "Re\u021bine\u021bi c\u0103 ve\u021bi putea edita copia clonat\u0103 dup\u0103 trimiterea acestui formular."
        },
        "011e30aea1ad8c8e81405e295f032cc8": {
            "text": "Verifica\u021bi datele c\u00e2mpului"
        },
        "494bfa7cbe1a6aaf0e24e92c54664859": {
            "text": "Verifica\u021bi c\u00e2mpul pentru date neutilizate sau alte optimiz\u0103ri posibile. Dac\u0103 se g\u0103sesc probleme, ve\u021bi avea ocazia s\u0103 le corecta\u021bi din fila Alert\u0103 dup\u0103 salvare."
        },
        "94109d0b682a5ee9086924792ab5d349": {
            "text": "Dori\u021bi s\u0103 gestiona\u021bi controlul accesului pentru acest c\u00e2mp?"
        },
        "8c234d4afc42f71cef48c0093be30aa5": {
            "text": "Dac\u0103 este activat, ve\u021bi putea restric\u021biona vizualizarea \u0219i editarea la acest c\u00e2mp \u00een func\u021bie de rolul utilizatorului."
        },
        "146cec6f36689ef0531abb613c24f68d": {
            "text": "Ce roluri pot vedea \u0219i\/sau modifica acest c\u00e2mp?"
        },
        "f66ca574111495a45f458a04c77f3c03": {
            "text": "Utilizatorii trebuie s\u0103 aib\u0103 permisiunea de a vizualiza sau edita paginile \u00een care sunt prezente aceste c\u00e2mpuri \u00eenainte ca permisiunile s\u0103 fie aplicabile."
        },
        "d39bf1bfbc9aef37bb8d6b935d73e53d": {
            "text": "C\u00e2nd nu este bifat\u0103 nicio caset\u0103, numai superutilizatorul poate vedea\/edita con\u021binutul c\u00e2mpului."
        },
        "13944cf77acdf1b9e49f6383c101ae89": {
            "text": "(tooti)"
        },
        "f41f3f2472b654b9853580182a36144a": {
            "text": "Activare acces"
        },
        "2a154a6134b85f7f936aac0194df1bc0": {
            "text": "Afi\u0219a\u021bi c\u00e2mpul \u00een editorul de pagini dac\u0103 este vizibil, dar nu poate fi editat (utilizatorul poate vedea, dar nu poate modifica)"
        },
        "8a643d587e2bf89aa615d22c5e9efa6a": {
            "text": "face\u021bi valoarea c\u00e2mpului accesibil\u0103 de c\u0103tre API chiar dac\u0103 nu este vizualizat\u0103 (vezi mai jos)*"
        },
        "517e6c314a1ee61caa35000768dca057": {
            "text": "C\u00e2nd un c\u00e2mp nu este vizualizabil (\u00een front-end cu formatarea ie\u0219irii), valoarea $page->%s va fi o versiune goal\u0103 de tipul a\u0219teptat, pentru a preveni afi\u0219area valorii."
        },
        "5dab87f5242c802765e397e82db0840b": {
            "text": "Bifa\u021bi caseta de mai sus pentru a ocoli acest comportament, f\u0103c\u00e2nd valoarea accesibil\u0103 de c\u0103tre API. Acest lucru va l\u0103sa controlul accesului \u00een sarcina dvs."
        },
        "d96a1b8071d5f5f8eb8bc96839d85407": {
            "text": "Pute\u021bi controla accesul la vizualizare pentru acest c\u00e2mp dup\u0103 cum urmeaz\u0103:"
        },
        "ee9fe18e631383755ce658daed18b15e": {
            "text": "Dac\u0103 dori\u021bi s\u0103 asocia\u021bi o pictogram\u0103 c\u00e2mpului, o pute\u021bi alege mai jos. Click pe \"Afi\u0219a\u021bi toate pictogramele\" Afi\u0219a\u021bi toate pictogramele."
        },
        "f173ffbd0f010d4e164484785d07b7c1": {
            "text": "Proprietatea nefolosit\u0103 a fost eliminat\u0103: %s"
        },
        "1d44463bf74c66ac465f0f51cee9a827": {
            "text": "\u0218terge\u021bi %d liniile orfane"
        },
        "0a198ede7ab46185f2e9fb2a3628419b": {
            "text": "(copiaza)"
        },
        "acdd6513356b1414e6d7ec0181240672": {
            "text": "Acum edita\u021bi c\u00e2mpul pe care l-a\u021bi clonat."
        },
        "48cf9aec9ee1cd5173596f31f65b83e5": {
            "text": "Numele campului este gol"
        },
        "4072bd91cd44efb5ae4ef51a319fbd79": {
            "text": "Numele c\u00e2mpului poate con\u021bine numai litere ASCII, numere sau litere de subliniere."
        },
        "2d596b898eecf76afa1f7cca2490f219": {
            "text": "Numele campului \"%s\"Este deja \u00een uz."
        },
        "d0de87a477316bfd58f0bf2b1ae2d40d": {
            "text": "Numele campului \"%s\" este un cuv\u00e2nt rezervat"
        },
        "65016ddfb236155b595fb479c695866b": {
            "text": "Numele c\u00e2mpurilor nu pot \u00eencepe cu \"_\" sau numere"
        },
        "7d21b87f847b61b92648b2050c3c0529": {
            "text": "Numele c\u00e2mpului nu poate fi acela\u0219i cu numele unei limbi"
        },
        "71f8bd77c0780518e62960d62ebd72bd": {
            "text": "S-a eliminat contextul de \u00eenlocuire"
        },
        "58425be3f17ffb9574fd3e5947653330": {
            "text": "P\u0103stra\u021bi set\u0103rile de teren?"
        },
        "7d912a6056deaad44add9eda5494d120": {
            "text": "Bifa\u021bi aceast\u0103 caset\u0103 pentru a p\u0103stra toate set\u0103rile personale pentru acest c\u00e2mp (\u00een filele Detalii \u0219i Introducere). Acest lucru este de dorit dac\u0103 noul c\u00e2mp are acelea\u0219i propriet\u0103\u021bi de configurare sau similare cu c\u00e2mpul vechi. Cu toate acestea, acest lucru poate duce la configura\u021bii inutile sau redundante, consum\u00e2nd spa\u021biu \u00een teren. Cu toate acestea, pute\u021bi analiza acest lucru mai t\u00e2rziu din: Avansat> Verifica\u021bi datele c\u00e2mpului."
        },
        "b9b9ac08c6bde335d1b5758d4dfcd1da": {
            "text": "A eliminat c\u00e2mpul \"%1$s\" din template \"%2$s\""
        },
        "e84730e92daf0ff6f2ff21874c281f4e": {
            "text": "Confirma\u021bi eliminarea c\u00e2mpului \"%1$s\" din template \"%2$s\""
        },
        "d3abfd9fce44bd366ad49c2614136c14": {
            "text": "ATEN\u021aIE: aceasta presupune c\u0103 datele asociate c\u00e2mpului vor fi \u0219terse definitiv."
        },
        "cdd2e54d443ebc672c6a53d756e682cd": {
            "text": "Dup\u0103 trimitere, va dura ceva timp pentru a finaliza."
        },
        "501a7415f8881524421e7a19287a2c62": {
            "text": "Nu pare s\u0103 existe niciun r\u00e2nd asociat cu aceast\u0103 combina\u021bie de c\u00e2mp\/ \u0219ablon"
        },
        "cbf08d0edf67562708d7ce679defc030": {
            "text": "Selecta\u021bi caseta de mai jos pentru a confirma."
        },
        "8aa6cad0a41ed8f9776dd6a09805c5ae": {
            "text": "S-a ad\u0103ugat c\u00e2mpul\"%1$s\" la template \"%2$s\""
        },
        "968c4c39df4617d7356ee14137658f3f": {
            "text": "Unde vrei s\u0103 adaugi \"%s?\""
        },
        "6620d0d6ed9996e374e77091f72102be": {
            "text": "Inainte %s"
        },
        "631a909b3eb785b8b3ae6d4d1a0ed886": {
            "text": "Dup\u0103 %s"
        },
        "c40f632e4b3c69bbd1af89f5c5f5c617": {
            "text": "Nu ad\u0103uga\u021bi"
        },
        "7c88547fdcfb8db979ff8e01a8af3cab": {
            "text": "Ad\u0103uga\u021bi sau elimina\u021bi din \u0219abloane"
        },
        "c7d0e111bad6f0fd32c701944fb16475": {
            "text": "Examina\u021bi \u0219i verifica\u021bi sau confirma\u021bi modific\u0103rile"
        },
        "368f6a2142a5d1f203ccd1a9bd8d974f": {
            "text": "S-a ad\u0103ugat c\u00e2mpul \"%1$s\" la template \"%2$s\" inainte de\"%3$s\""
        },
        "43f591d56700e6bc6184a8457711d4ed": {
            "text": "S-a ad\u0103ugat c\u00e2mpul \"%1$s\" la template \"%2$s\" dup\u0103 \"%3$s\""
        },
        "2dc7474fc7cd98da4c757c25d5acd451": {
            "text": "A eliminat c\u00e2mpul \"%1$s\" din template \"%2$s\""
        },
        "092a2d93903f42f67e257ba6fb82d6a2": {
            "text": "Eroare la eliminare \"%1$s\" din template \"%2$s\""
        },
        "521c36a31c2762741cf0f8890cbe05e3": {
            "text": "Pornit"
        },
        "d15305d7a4e34e02489c74a5ef542f36": {
            "text": "Oprit"
        },
        "b1c94ca2fbc3e78fc30069c8d0f01680": {
            "text": "Toate"
        },
        "30069b6e08c01b280dea5aec4bf871e0": {
            "text": "[gol]"
        },
        "8db6f3dfa2f2e5da6a736ec49e54f6f9": {
            "text": "Prezentarea\/vizibilitatea campului"
        },
        "722302e393e0ef80cae21af3a433fd64": {
            "text": "Rolurile au permisiunea de a vizualiza acest c\u00e2mp"
        },
        "7c5a8ae55e59746ba619775959127870": {
            "text": "Rolurile au permisiunea de a edita acest c\u00e2mp"
        },
        "b1176bb4251df736f9046c88f2752937": {
            "text": "Activa\u021bi controlul accesului"
        },
        "d8b6bdb4b7004ffa8118daf92c70085d": {
            "text": "Elimina\u021bi controlul accesului"
        },
        "4ed588740999fc9926706a97d3e6b3ff": {
            "text": "Face\u021bi valoarea c\u00e2mpului accesibil\u0103 de c\u0103tre API chiar \u0219i atunci c\u00e2nd nu este vizibil\u0103"
        },
        "03161f60700feb1e18fcb34de842c31a": {
            "text": "Face\u021bi ca valoarea c\u00e2mpului s\u0103 NU fie accesibil\u0103 de c\u0103tre API atunci c\u00e2nd nu este vizibil\u0103"
        },
        "23831f621c230fae228ca5bccd05b83e": {
            "text": "Afi\u0219a\u021bi \u00een editorul de pagini chiar dac\u0103 nu este editabil"
        },
        "7a3d219a780c47deeba29f396adfc6d0": {
            "text": "Ascunde\u021bi \u00een editorul de pagini c\u00e2nd nu este editabil"
        },
        "b1100a1a039c319674c740cdc6382e92": {
            "text": "necesar"
        },
        "06dacbad9c7587cdace10537b20b43ca": {
            "text": "afiseaza daca..."
        },
        "e2159a4c36a7a7881992637d1da6e379": {
            "text": "acces"
        },
        "cb4e4304ce3fbf227cdae7fecc193fbf": {
            "text": "Alerta"
        },
        "a360c947f7ea8bd51220987c073edf15": {
            "text": "Setare"
        },
        "a6f1b7f6b210b19d1d4ff7722c8fd790": {
            "text": "Nota"
        },
        "a698a809093ad1c25ea277ff03ae5fc7": {
            "text": "Ac\u021biuni"
        },
        "995ed8becc596409849c6a652fbf5cd4": {
            "text": "Pagin populate"
        },
        "ceb446e97d336c84d1f870ce7840e4ba": {
            "text": "Linii de date"
        },
        "799ef6a367b3b36deb5be25ef8e7c91a": {
            "text": "Acces"
        },
        "1cdcfe223f7fb1cc15748a347bf161b2": {
            "text": "Da"
        },
        "afd2f2d22bac5fd1faf1abf753685366": {
            "text": "Rol"
        },
        "904c279e535c872896eab899b55e9c46": {
            "text": "Vedere"
        },
        "32bcbddae2df658b6d193932ab97720e": {
            "text": "Modifica"
        },
        "c869dd452643fae1887833d527dc86d0": {
            "text": "Acest lucru va \u0219terge \u0219i %d r\u00e2nd de date."
        },
        "59da98ece56eec26f5f9edd6f051da0b": {
            "text": "Acest lucru va \u0219terge \u0219i %d r\u00e2nd de date."
        },
        "a60852f204ed8028c1c58808b746d115": {
            "text": "OK"
        },
        "189f63f277cd73395561651753563065": {
            "text": "Tag-uri"
        },
        "4da66962948d7a922e24b9821417f14f": {
            "text": "\u0218ablon: %s"
        },
        "b342aa8cb5e92300b8b0bda3eaf8076d": {
            "text": "\u0218abloane"
        },
        "47ee982b17f699a3dffff43c76df78ec": {
            "text": "Sablon"
        },
        "b26a4731ede28b0686cf017804aa3574": {
            "text": "Nu"
        },
        "c145e5825899a7a53cf8a14b64e53639": {
            "text": "Gestiona\u021bi etichetele"
        },
        "f62aef3d1bcf85a63cf9af0e03a46c0f": {
            "text": "Filtra\u021bi dup\u0103 \u0219ablon"
        },
        "8870ba7044d8bb0fd95686ec955f9109": {
            "text": "Filtra\u021bi dup\u0103 tip"
        },
        "a922cb7ffa163fa26dfe9e44aaa24d32": {
            "text": "Afi\u0219a\u021bi c\u00e2mpurile de sistem?"
        },
        "5da3b0e9c19f86443f6ad42f6d0d1456": {
            "text": "Selecta\u021bi toate c\u00e2mpurile care ar trebui s\u0103 aib\u0103 aceast\u0103 etichet\u0103"
        },
        "7db27839ce9f9208f2b52bb9a48220a9": {
            "text": "Afi\u0219eaz\u0103 toate c\u00e2mpurile, inclusiv sistemul \u00eencorporat \u0219i c\u00e2mpurile permanente."
        },
        "2eea24744a636478929cd8cbbe444ded": {
            "text": "Afi\u0219a\u021bi ca restr\u00e2ns \u00een lista de c\u00e2mpuri?"
        },
        "cd83a77df71e48e6273b925549e0af71": {
            "text": "Pentru a \u0219terge aceast\u0103 etichet\u0103, elimina\u021bi toate c\u00e2mpurile din ea."
        },
        "ed4def612e69863794dc9c98db08b464": {
            "text": "S-a ad\u0103ugat eticheta \"%1$s\" \u00een c\u00e2mpul: %2$s"
        },
        "ab7c81ccbce2415afa58b092a3c58162": {
            "text": "Eticheta \"%1$s\" a fost eliminat\u0103 din c\u00e2mpul: %2$s"
        },
        "d80b6b9388a3f3767f80be5c2ab78976": {
            "text": "Etichetele v\u0103 permit s\u0103 crea\u021bi colec\u021bii de c\u00e2mpuri pentru listare sau c\u0103utare."
        },
        "718bd4be79fcb0bac1a4ff2e4528d45d": {
            "text": "Aten\u021bie: eticheta \u201e%s\u201d are acela\u0219i nume ca un C\u00e2mp."
        },
        "9fc8691fab39cc1433cd39430edb0501": {
            "text": "Ad\u0103uga\u021bi o nou\u0103 etichet\u0103"
        },
        "133027c82744d7b44344c6d2fdd3cd2e": {
            "text": "(nefolosit)"
        },
        "aa4c25b56e75fc2bb56256932d820a04": {
            "text": "c\u00e2nd este folosit cu \u0219ablonul \"%1$s\" \u00een context \"%2$s\""
        },
        "be777931cbea33cf8f3a5f5cd994ea93": {
            "text": "Setarea suprascrierilor pentru spa\u021biul de nume de c\u00e2mp: %s"
        },
        "f08b82b9bcde7ff240df5ed0057e7b08": {
            "text": "Pentru a ajusta set\u0103rile permise pentru \u00eenlocuiri, consulta\u021bi c\u00e2mpul de mai jos."
        },
        "760b4bbc37693597edf00f9eeda38cd0": {
            "text": "\u00cen prezent, nu exist\u0103 set\u0103ri care s\u0103 fie \u00eenlocuite de \u0219ablon."
        },
        "ecd6ac32b4369912ca3321c1dd169dc9": {
            "text": "Set\u0103ri permise s\u0103 fie \u00eenlocuite de \u0219ablon"
        },
        "7710897a6218283716118180cd494f1e": {
            "text": "Set\u0103rile verificate vor ap\u0103rea ca op\u021biuni de configurare atunci c\u00e2nd edita\u021bi acest c\u00e2mp \u00een contextul unui anumit \u0219ablon."
        },
        "089ff074f0a08e950aae098cce20eff4": {
            "text": "**ATEN\u021aIE:** activarea set\u0103rilor peste cele specificate de modulul Fieldtype\/Inputfield poate s\u0103 nu func\u021bioneze \u00eentotdeauna sau poate cauza probleme."
        },
        "8b55debf249cfc13cc6dc6791ee5d69f": {
            "text": "Ca urmare, v\u0103 recomand\u0103m s\u0103 testa\u021bi mai \u00eent\u00e2i orice modific\u0103ri aduse acestor set\u0103ri \u00eentr-un mediu care nu este de produc\u021bie (dezvoltare)."
        },
        "a28cb5dda04811b1ee1749f8b7a5b51d": {
            "text": "V\u0103 rug\u0103m s\u0103 re\u021bine\u021bi:"
        },
        "cb69676cc6783d1f5bf44dc1680f6e2a": {
            "text": "Set\u0103rile cu caractere aldine sunt acelea pe care modulul Fieldtype\/Inputfield le-a desemnat ca fiind \u00eentotdeauna permise pentru \u00eenlocuire."
        },
        "efd28a1fcd7d855ff111e2f110ae0b20": {
            "text": "Alte set\u0103ri pot sau nu s\u0103 func\u021bioneze pentru suprascrieri de context."
        },
        "da23f7900566628f7658f3a693d6bfda": {
            "text": "Ar trebui s\u0103 debifa\u021bi toate set\u0103rile pe care le considera\u021bi c\u0103 nu func\u021bioneaz\u0103 sau s\u0103 cauzeze probleme."
        },
        "2babe53026309ed1bc4d26626dbaf9b3": {
            "text": "Detalii:"
        },
        "c4e024e71ba191d41926d9fcfa7cde3a": {
            "text": "Intrare:"
        },
        "4759b9b64d72e5a1a226e72b31ff919e": {
            "text": "Editare Front-end"
        },
        "349838fb1d851d3e2014b9fe39203275": {
            "text": "Instaleaza"
        },
        "b35a1460619c7aebb19fddf043d4953d": {
            "text": "V\u0103 rug\u0103m s\u0103 instala\u021bi modulul de editor de pagini front-end pentru a activa editarea front-end pentru c\u00e2mpuri. Dup\u0103 instalare, re\u00eenc\u0103rca\u021bi \u0219i reveni\u021bi aici pentru mai multe op\u021biuni."
        },
        "927e2bece8a3ee4ce5f53aca157c04ec": {
            "text": "Utiliza\u021bi numai litere ASCII (a-z A-Z), cifre (0-9) sau liniu\u021be de subliniere."
        },
        "405231013da488699f3761636027e651": {
            "text": "Descrierea apare aici \u0219i arat\u0103 astfel."
        },
        "817434295a673aed431435658b65d9a7": {
            "text": "Pictograma"
        },
        "c6e44f0384ed0d130e044f153e7b772f": {
            "text": "Fiecare etichet\u0103 trebuie s\u0103 con\u021bin\u0103 un cuv\u00e2nt (sublinierea este \u00een regul\u0103)."
        },
        "6ed7cdaf5655ad6feaf61425896fca0e": {
            "text": "Eroare la setarea \u201c%s\u201d"
        },
        "86cdc0e0ad458e6450b25153b0ca0248": {
            "text": "(ai specificat \"%s\")"
        },
        "ce1e5086faa587952093bfb31f7af1c1": {
            "text": "Nu se poate valida"
        },
        "07f32475d23721446e940087c7e26b53": {
            "text": "Acest lucru nu va func\u021biona deoarece valorile trebuie s\u0103 fie ID-uri de pagin\u0103"
        },
        "57a9412e7a9b1f328ffef4cd468dabeb": {
            "text": "Ad\u0103uga\u021bi ca prim c\u00e2mp"
        },
        "6855bfdf44496210543dabeb8f88a1c0": {
            "text": "Sistem"
        },
        "f1cb39a9250fe6002851375559d8bd85": {
            "text": "Global"
        },
        "0151b4b3cfa88e85b9387dc9490961cf": {
            "text": "unic"
        },
        "ab17e61adc90fe446ec49fe7cd795864": {
            "text": "suprascrie \/ contexte"
        },
        "e036648db74b48abc2b6af1d56d4596c": {
            "text": "Schimbari"
        },
        "2e97680673e9f48756601bd5672b0d45": {
            "text": "%d \u0219ablon"
        },
        "f78cb52b393842a378dcbee7bd241ffe": {
            "text": "%d \u0219abloane"
        },
        "1bd8f22fdbf8e9e0ca28f3f1e276b085": {
            "text": "Etichete: %s"
        },
        "4b170345be16c4cee0984c08ab54614d": {
            "text": "c\u00e2nd este folosit cu: %s"
        }
    }
}