{
    "file": "wire\/modules\/System\/SystemNotifications\/SystemNotifications.module",
    "textdomain": "wire--modules--system--systemnotifications--systemnotifications-module",
    "translations": {
        "09bcb72d61c0d6d1eff5336da6881557": {
            "text": "expir\u0103"
        },
        "3228f89d6d7bef8bf9c32fa47cbb82b0": {
            "text": "404 a avut loc: %s"
        },
        "f1aac9258ac4fde43df9a1c10945c133": {
            "text": "Utilizator autentificat: %s"
        },
        "6749d5c7c5998b79513c6257606ffedc": {
            "text": "Eroare de conectare: %s"
        },
        "cb44f59c366c2adb4a35ef342be91163": {
            "text": "Utilizator deconectat: %s"
        },
        "3ea680550091f52ef7d4f2120a9a0032": {
            "text": "Aten\u021bie: edita\u021bi aceast\u0103 pagin\u0103 \u00eentr-o alt\u0103 fereastr\u0103 (editarea a \u00eenceput %s)"
        },
        "187b4dd25b5e8329dfacc1528ac55028": {
            "text": "Avertisment: utilizatorul \u201e%s\u201d editeaz\u0103 \u00een prezent aceast\u0103 pagin\u0103 (editarea a \u00eenceput %s)"
        },
        "74459ca3cf85a81df90da95ff6e7a207": {
            "text": "secunda"
        },
        "975a85a4ffa56e23c70e2bbeaf405ac7": {
            "text": "secunde"
        },
        "d8bd79cc131920d5de426f914d17405a": {
            "text": "munut"
        },
        "1442a7b6e2c20b27775175eecba84dac": {
            "text": "minute"
        },
        "896c55cc5e46fab38ce9f51ebf7bfcd3": {
            "text": "ora"
        },
        "73cdddd7730abfc13a55efb9f5685a3b": {
            "text": "ore"
        },
        "628b7db04235f228d40adc671413a8c8": {
            "text": "zi"
        },
        "44fdec47036f482b68b748f9d786801b": {
            "text": "zile"
        },
        "97bc592b27a9ada2d9a4bb418ed0ebed": {
            "text": "acum"
        },
        "9aa587bfb76008ca6b764747b7e43aff": {
            "text": "de acum"
        },
        "6d0a578ca2f2c0e792fc923002fccbe3": {
            "text": "\u00een urm\u0103"
        },
        "0914afe426319fe974cef0952de1ed3b": {
            "text": "%d mesaj nou"
        },
        "c92bdbaba42dc068673bfa173e7be426": {
            "text": "%d mesaje noi"
        },
        "6ab40b9da8f74c8299cdb3afba46eda6": {
            "text": "%d avertisment nou"
        },
        "164d23ca0285a3061ee20f166343f068": {
            "text": "%d avertismente noi"
        },
        "246262550fe3b31379bb81b656e4d64f": {
            "text": "%d eroare nou\u0103"
        },
        "f476d7ef955355a5633a914abbe1f3c1": {
            "text": "%d eroar noi"
        }
    }
}