{
    "file": "wire\/modules\/Process\/ProcessUser\/ProcessUser.module",
    "textdomain": "wire--modules--process--processuser--processuser-module",
    "translations": {
        "a5cd3ed116608dac017f14c046ea56bf": {
            "text": "Roluri"
        },
        "5dee1c6493112af5676354d6c4243fbe": {
            "text": "Utilizatorul va mo\u0219teni permisiunile atribuite fiec\u0103rui rol. Pute\u021bi atribui mai multe roluri unui utilizator. C\u00e2nd acceseaz\u0103 o pagin\u0103, utilizatorul va mo\u0219teni numai permisiunile de la rolurile care sunt, de asemenea, atribuite \u0219ablonului paginii."
        },
        "4d4587e01b893874091ed2bcb940c2a8": {
            "text": "Nu pute\u021bi schimba acest rol"
        },
        "1dae534355f564549697cc7da0eee7e7": {
            "text": "Nu pute\u021bi elimina rolul de superutilizator de la dvs"
        },
        "a756ba771ff16a33ad921b8f017a7161": {
            "text": "Nu pute\u021bi atribui rolul de superutilizator"
        },
        "903c654a1a01b07cf8dd1567b1b99b3a": {
            "text": "Nu ave\u021bi voie s\u0103 elimina\u021bi rolul: %s"
        },
        "5374d65ce11cc92d3c142cc0249fde0a": {
            "text": "Nu ave\u021bi voie s\u0103 ad\u0103uga\u021bi rol: %s"
        },
        "ba0bf134511b54d35d023da28eb75e39": {
            "text": "A\u021bi eliminat roluri care v\u0103 vor \u00eempiedica accesul de editare la acest utilizator. Rolurile au fost restaurate."
        },
        "f9aae5fda8d810a29f12d1e61b4ab25f": {
            "text": "Utilizatori"
        },
        "242e1deb2d082e524a63f255f9f08c11": {
            "text": "Gestionare sistem de utilizatori"
        },
        "4b99fa96a7caeeafc646d0f0a059ea4d": {
            "text": "%d utilizator"
        },
        "8103e74ea76ab74a0eabfc5d09e6588a": {
            "text": "%d utilizatori"
        }
    }
}